Workbook

Sheet Dashboard
B1: Repair | H1: Trane Building Advantage | N1: Trane Rental | T1: Maintenance-TraneSELECT | Z1: Startup | AF1: Parts-OTC | AL1: TOTAL | AT1: Repair | AZ1: Trane Building Advantage | BF1: Trane Rental | BL1: Maintenance-TraneSELECT | BR1: Startup | BX1: Parts-OTC | CD1: TOTAL | CL1: Repair | CO1: TBA | CR1: Trane Rental | CU1: Maintenance-TS | CX1: Startup | DA1: Parts-OTC | DD1: TOTAL | DI1: Repair | DL1: TBA | DO1: Trane Rental | DR1: Maintenance-TS | DU1: Startup | DX1: Parts-OTC | EA1: TOTAL | EF1: % EOD | EG1: < 6 mth old | EH1: Repair | EK1: TBA | EN1: Trane Rental | EQ1: Maintenance-TS | ET1: Startup | EX1: % EOD | EY1: < 3 mth old | EZ1: Parts-OTC | FD1: TOTAL
B2: Backlog Total | E2: Orders YTD | H2: Backlog Total | K2: Orders YTD | N2: Backlog Total | Q2: Orders YTD | T2: Backlog Total | W2: Orders YTD | Z2: Backlog Total | AC2: Orders YTD | AF2: Backlog Total | AI2: Orders YTD | AL2: Backlog Total | AO2: Orders YTD | AT2: Backlog Month | AW2: Burn Rate | AZ2: Backlog Month | BC2: Burn Rate | BF2: Backlog Month | BI2: Burn Rate | BL2: Backlog Month | BO2: Burn Rate | BR2: Backlog Month | BU2: Burn Rate | BX2: Backlog Month | CA2: Burn Rate | CD2: Backlog Month | CG2: Burn Rate | CL2: Backlog Month+1 | CO2: Backlog Month+1 | CR2: Backlog Month+1 | CU2: Backlog Month+1 | CX2: Backlog Month+1 | DA2: Backlog Month+1 | DD2: Backlog Month+1 | DI2: Backlog Month+2 | DL2: Backlog Month+2 | DO2: Backlog Month+2 | DR2: Backlog Month+2 | DU2: Backlog Month+2 | DX2: Backlog Month+2 | EA2: Backlog Month+2 | EH2: QP | EK2: QP | EN2: QP | EQ2: QP | ET2: QP | EZ2: QP | FD2: QP
B3: 2026 | C3: 2025 | D3: VPY | E3: 2026 | F3: 2025 | G3: VPY | H3: 2026 | I3: 2025 | J3: VPY | K3: 2026 | L3: 2025 | M3: VPY | N3: 2026 | O3: 2025 | P3: VPY | Q3: 2026 | R3: 2025 | S3: VPY | T3: 2026 | U3: 2025 | V3: VPY | W3: 2026 | X3: 2025 | Y3: VPY | Z3: 2026 | AA3: 2025 | AB3: VPY | AC3: 2026 | AD3: 2025 | AE3: VPY | AF3: 2026 | AG3: 2025 | AH3: VPY | AI3: 2026 | AJ3: 2025 | AK3: VPY | AL3: 2026 | AM3: 2025 | AN3: VPY | AO3: 2026 | AP3: 2025 | AQ3: VPY | AT3: 2026 | AU3: 2025 | AV3: VPY | AW3: 2026 | AX3: 2025 | AY3: VPY | AZ3: 2026 | BA3: 2025 | BB3: VPY | BC3: 2026 | BD3: 2025 | BE3: VPY | BF3: 2026 | BG3: 2025 | BH3: VPY | BI3: 2026 | BJ3: 2025 | BK3: VPY | BL3: 2026 | BM3: 2025 | BN3: VPY | BO3: 2026 | BP3: 2025 | BQ3: VPY | BR3: 2026 | BS3: 2025 | BT3: VPY | BU3: 2026 | BV3: 2025 | BW3: VPY | BX3: 2026 | BY3: 2025 | BZ3: VPY | CA3: 2026 | CB3: 2025 | CC3: VPY | CD3: 2026 | CE3: 2025 | CF3: VPY | CG3: 2026 | CH3: 2025 | CI3: VPY | CL3: 2026 | CM3: 2025 | CN3: VPY | CO3: 2026 | CP3: 2025 | CQ3: VPY | CR3: 2026 | CS3: 2025 | CT3: VPY | CU3: 2026 | CV3: 2025 | CW3: VPY | CX3: 2026 | CY3: 2025 | CZ3: VPY | DA3: 2026 | DB3: 2025 | DC3: VPY | DD3: 2026 | DE3: 2025 | DF3: VPY | DI3: 2026 | DJ3: 2025 | DK3: VPY | DL3: 2026 | DM3: 2025 | DN3: VPY | DO3: 2026 | DP3: 2025 | DQ3: VPY | DR3: 2026 | DS3: 2025 | DT3: VPY | DU3: 2026 | DV3: 2025 | DW3: VPY | DX3: 2026 | DY3: 2025 | DZ3: VPY | EA3: 2026 | EB3: 2025 | EC3: VPY | EH3: 2026 | EI3: 2025 | EJ3: VPY | EK3: 2026 | EL3: 2025 | EM3: 2026 | EN3: 2026 | EO3: 2025 | EP3: VPY | EQ3: 2026 | ER3: 2025 | ES3: VPY | ET3: 2026 | EU3: 2025 | EV3: VPY | EZ3: 2026 | FA3: 2025 | FB3: VPY | FD3: 2026 | FE3: 2025 | FF3: VPY
A4: IDA | B4: =Serviceorderfile_Current!$W522 -> 73 | C4: =Serviceorderfile_PREVIOUS!$W522 -> 149 | D4: =IF(C4>0,B4/C4-1,1) -> -0.51006711 | E4: ='YOY Orders'!$J17 -> 57 | F4: ='YOY Orders'!$B17 -> 161 | G4: =IF(F4>0,E4/F4-1,1) -> -0.64596273 | H4: =Serviceorderfile_Current!$W524 -> 0 | I4: =Serviceorderfile_PREVIOUS!$W524 -> 0 | J4: =IF(I4>0,H4/I4-1,1) -> 1 | K4: ='YOY Orders'!$K17 -> 0 | L4: ='YOY Orders'!$C17 -> 10 | M4: =IF(L4>0,K4/L4-1,1) -> -1 | N4: =Serviceorderfile_Current!$W523 -> 0 | O4: =Serviceorderfile_PREVIOUS!$W523 -> 0 | P4: =IF(O4>0,N4/O4-1,1) -> 1 | Q4: ='YOY Orders'!$O17 -> 0 | R4: ='YOY Orders'!$G17 -> 0 | S4: =IF(R4>0,Q4/R4-1,1) -> 1 | T4: =Serviceorderfile_Current!$W525 -> 141 | U4: =Serviceorderfile_PREVIOUS!$W525 -> 135 | V4: =IF(U4>0,T4/U4-1,1) -> 0.044444444 | W4: ='YOY Orders'!$L17 -> 126 | X4: ='YOY Orders'!$D17 -> 181 | Y4: =IF(X4>0,W4/X4-1,1) -> -0.3038674 | Z4: =Serviceorderfile_Current!$W526 -> 4 | AA4: =Serviceorderfile_PREVIOUS!$W526 -> 9 | AB4: =IF(AA4>0,Z4/AA4-1,1) -> -0.55555556 | AC4: ='YOY Orders'!$N17 -> 13 | AD4: ='YOY Orders'!$F17 -> 83 | AE4: =IF(AD4>0,AC4/AD4-1,1) -> -0.84337349 | AF4: =Serviceorderfile_Current!$W520 -> 293 | AG4: =Serviceorderfile_PREVIOUS!$W520 -> 262 | AH4: =IF(AG4>0,AF4/AG4-1,1) -> 0.11832061 | AI4: ='YOY Orders'!$M17 -> 768 | AJ4: ='YOY Orders'!$E17 -> 1214 | AK4: =IF(AJ4>0,AI4/AJ4-1,1) -> -0.36738056 | AL4: =B4+T4+Z4+AF4+N4+H4 -> 511 | AM4: =C4+U4+AA4+AG4+O4+I4 -> 555 | AN4: =IF(AM4>0,AL4/AM4-1,1) -> -0.079279279 | AO4: =E4+W4+AC4+AI4+Q4+K4 -> 964 | AP4: =F4+X4+AD4+AJ4+R4+L4 -> 1649 | AQ4: =IF(AP4>0,AO4/AP4-1,1) -> -0.41540327 | AS4: IDA | AT4: =Serviceorderfile_Current!$I522*Serviceorderfile_Current!$U522 -> 18 | AU4: =Serviceorderfile_PREVIOUS!$I522*Serviceorderfile_PREVIOUS!$U522 -> 37 | AV4: =IF(AU4>0,AT4/AU4-1,1) -> -0.51351351 | AW4: =AT4/B4 -> 0.24657534 | AX4: =AU4/C4 -> 0.24832215 | AY4: =(AW4-AX4)*100 -> -0.17468052 | AZ4: =Serviceorderfile_Current!$I524*Serviceorderfile_Current!$U524 -> 0 | BA4: =Serviceorderfile_PREVIOUS!$I524*Serviceorderfile_PREVIOUS!$U524 -> 0 | BB4: =IF(BA4>0,AZ4/BA4-1,1) -> 1 | BC4: =AZ4/H4 -> #DIV/0! | BD4: =BA4/I4 -> #DIV/0! | BE4: =(BC4-BD4)*100 -> #DIV/0! | BF4: =Serviceorderfile_Current!$I523*Serviceorderfile_Current!$U523 -> 0 | BG4: =Serviceorderfile_PREVIOUS!$I523*Serviceorderfile_PREVIOUS!$U523 -> 0 | BH4: =IF(BG4>0,BF4/BG4-1,1) -> 1 | BI4: =BF4/N4 -> #DIV/0! | BJ4: =BG4/O4 -> #DIV/0! | BK4: =(BI4-BJ4)*100 -> #DIV/0! | BL4: =Serviceorderfile_Current!$I525*Serviceorderfile_Current!$U525 -> 16 | BM4: =Serviceorderfile_PREVIOUS!$I525*Serviceorderfile_PREVIOUS!$U525 -> 12 | BN4: =IF(BM4>0,BL4/BM4-1,1) -> 0.33333333 | BO4: =BL4/T4 -> 0.11347518 | BP4: =BM4/U4 -> 0.088888889 | BQ4: =(BO4-BP4)*100 -> 2.4586288 | BR4: =Serviceorderfile_Current!$I526*Serviceorderfile_Current!$U526 -> 4 | BS4: =Serviceorderfile_PREVIOUS!$I526*Serviceorderfile_PREVIOUS!$U526 -> 9 | BT4: =IF(BS4>0,BR4/BS4-1,1) -> -0.55555556 | BU4: =BR4/Z4 -> 1 | BV4: =BS4/AA4 -> 1 | BW4: =(BU4-BV4)*100 -> 0 | BX4: =Serviceorderfile_Current!$I520*Serviceorderfile_Current!$U520 -> 146 | BY4: =Serviceorderfile_PREVIOUS!$I520*Serviceorderfile_PREVIOUS!$U520 -> 206 | BZ4: =IF(BY4>0,BX4/BY4-1,1) -> -0.29126214 | CA4: =BX4/AF4 -> 0.49829352 | CB4: =BY4/AG4 -> 0.78625954 | CC4: =(CA4-CB4)*100 -> -28.796603 | CD4: =AT4+BL4+BR4+BX4+BF4 -> 184 | CE4: =AU4+BM4+BS4+BY4+BG4 -> 264 | CF4: =IF(CE4>0,CD4/CE4-1,1) -> -0.3030303 | CG4: =CD4/AL4 -> 0.36007828 | CH4: =CE4/AM4 -> 0.47567568 | CI4: =(CG4-CH4)*100 -> -11.55974 | CK4: IDA | CL4: =Serviceorderfile_Current!$J522*Serviceorderfile_Current!$U522 -> 55 | CM4: =Serviceorderfile_PREVIOUS!$J522*Serviceorderfile_PREVIOUS!$U522 -> 0 | CN4: =IF(CM4>0,CL4/CM4-1,1) -> 1 | CO4: =Serviceorderfile_Current!$J524*Serviceorderfile_Current!$U524 -> 0 | CP4: =Serviceorderfile_PREVIOUS!$J524*Serviceorderfile_PREVIOUS!$U524 -> 0 | CQ4: =IF(CP4>0,CO4/CP4-1,1) -> 1 | CR4: =Serviceorderfile_Current!$J523*Serviceorderfile_Current!$U523 -> 0 | CS4: =Serviceorderfile_PREVIOUS!$J523*Serviceorderfile_PREVIOUS!$U523 -> 0 | CT4: =IF(CS4>0,CR4/CS4-1,1) -> 1 | CU4: =Serviceorderfile_Current!$J525*Serviceorderfile_Current!$U525 -> 25 | CV4: =Serviceorderfile_PREVIOUS!$J525*Serviceorderfile_PREVIOUS!$U525 -> 29 | CW4: =IF(CV4>0,CU4/CV4-1,1) -> -0.13793103 | CX4: =Serviceorderfile_Current!$J526*Serviceorderfile_Current!$U526 -> 0 | CY4: =Serviceorderfile_PREVIOUS!$J526*Serviceorderfile_PREVIOUS!$U526 -> 0 | CZ4: =IF(CY4>0,CX4/CY4-1,1) -> 1 | DA4: =Serviceorderfile_Current!$J520*Serviceorderfile_Current!$U520 -> 98 | DB4: =Serviceorderfile_PREVIOUS!$J520*Serviceorderfile_PREVIOUS!$U520 -> 33 | DC4: =IF(DB4>0,DA4/DB4-1,1) -> 1.969697 | DD4: =CL4+CO4+CR4+CU4+CX4+DA4 -> 178 | DE4: =CM4+CP4+CS4+CV4+CY4+DB4 -> 62 | DF4: =IF(DE4>0,DD4/DE4-1,1) -> 1.8709677 | DH4: IDA | DI4: =Serviceorderfile_Current!$K522*Serviceorderfile_Current!$U522 -> 0 | DJ4: =Serviceorderfile_PREVIOUS!$K522*Serviceorderfile_PREVIOUS!$U522 -> 0 | DK4: =IF(DJ4>0,DI4/DJ4-1,1) -> 1 | DL4: =Serviceorderfile_Current!$K524*Serviceorderfile_Current!$U524 -> 0 | DM4: =Serviceorderfile_PREVIOUS!$K524*Serviceorderfile_PREVIOUS!$U524 -> 0 | DN4: =IF(DM4>0,DL4/DM4-1,1) -> 1 | DO4: =Serviceorderfile_Current!$K523*Serviceorderfile_Current!$U523 -> 0 | DP4: =Serviceorderfile_PREVIOUS!$K523*Serviceorderfile_PREVIOUS!$U523 -> 0 | DQ4: =IF(DP4>0,DO4/DP4-1,1) -> 1 | DR4: =Serviceorderfile_Current!$K525*Serviceorderfile_Current!$U525 -> 14 | DS4: =Serviceorderfile_PREVIOUS!$K525*Serviceorderfile_PREVIOUS!$U525 -> 12 | DT4: =IF(DS4>0,DR4/DS4-1,1) -> 0.16666667 | DU4: =Serviceorderfile_Current!$K526*Serviceorderfile_Current!$U526 -> 0 | DV4: =Serviceorderfile_PREVIOUS!$K526*Serviceorderfile_PREVIOUS!$U526 -> 0 | DW4: =IF(DV4>0,DU4/DV4-1,1) -> 1 | DX4: =Serviceorderfile_Current!$K520*Serviceorderfile_Current!$U520 -> 44 | DY4: =Serviceorderfile_PREVIOUS!$K520*Serviceorderfile_PREVIOUS!$U520 -> 23 | DZ4: =IF(DY4>0,DX4/DY4-1,1) -> 0.91304348 | EA4: =DI4+DL4+DO4+DR4+DU4+DX4 -> 58 | EB4: =DJ4+DM4+DP4+DS4+DV4+DY4 -> 35 | EC4: =IF(EB4>0,EA4/EB4-1,1) -> 0.65714286 | EE4: IDA | EF4: =Serviceorderfile_Current!$V519 -> 1 | EG4: =Aged!D32 -> 0 | EH4: =Serviceorderfile_Current!$U514*Serviceorderfile_Current!$H514 -> 0 | EI4: =Serviceorderfile_PREVIOUS!$U514*Serviceorderfile_PREVIOUS!$H514 -> 0 | EJ4: =IF(EI4>0,EH4/EI4-1,1) -> 1 | EK4: =Serviceorderfile_Current!$U516*Serviceorderfile_Current!$H516 -> 44 | EL4: =Serviceorderfile_PREVIOUS!$U516*Serviceorderfile_PREVIOUS!$H516 -> 0 | EM4: =IF(EL4>0,EK4/EL4-1,1) -> 1 | EN4: =Serviceorderfile_Current!$U515*Serviceorderfile_Current!$H515 -> 0 | EO4: =Serviceorderfile_PREVIOUS!$U515*Serviceorderfile_PREVIOUS!$H515 -> 0 | EP4: =IF(EO4>0,EN4/EO4-1,1) -> 1 | EQ4: =Serviceorderfile_Current!$U517*Serviceorderfile_Current!$H517 -> 120 | ER4: =Serviceorderfile_PREVIOUS!$U517*Serviceorderfile_PREVIOUS!$H517 -> 42 | ES4: =IF(ER4>0,EQ4/ER4-1,1) -> 1.8571429 | ET4: =Serviceorderfile_Current!$U518*Serviceorderfile_Current!$H518 -> 0 | EU4: =Serviceorderfile_PREVIOUS!$U518*Serviceorderfile_PREVIOUS!$H518 -> 0 | EV4: =IF(EU4>0,ET4/EU4-1,1) -> 1 | EX4: =Serviceorderfile_Current!$V512 -> 1 | EY4: =Aged!E85 -> 0.27 | EZ4: =Serviceorderfile_Current!$U516*Serviceorderfile_Current!$H516 -> 44 | FA4: =Serviceorderfile_PREVIOUS!$U516*Serviceorderfile_PREVIOUS!$H516 -> 0 | FB4: =IF(FA4>0,EZ4/FA4-1,1) -> 1 | FD4: =EZ4+ET4+EQ4+EN4+EK4+EH4 -> 208 | FE4: =FA4+EU4+ER4+EO4+EL4+EI4 -> 42 | FF4: =IF(FE4>0,FD4/FE4-1,1) -> 3.952381
A5: IDM | B5: =Serviceorderfile_Current!$W539 -> 58 | C5: =Serviceorderfile_PREVIOUS!$W539 -> 32 | D5: =IF(C5>0,B5/C5-1,1) -> 0.8125 | E5: ='YOY Orders'!$J18 -> 113 | F5: ='YOY Orders'!$B18 -> 118 | G5: =IF(F5>0,E5/F5-1,1) -> -0.042372881 | H5: =Serviceorderfile_Current!$W541 -> 0 | I5: =Serviceorderfile_PREVIOUS!$W541 -> 15 | J5: =IF(I5>0,H5/I5-1,1) -> -1 | K5: ='YOY Orders'!$K18 -> -15 | L5: ='YOY Orders'!$C18 -> 15 | M5: =IF(L5>0,K5/L5-1,1) -> -2 | N5: =Serviceorderfile_Current!$W540 -> 0 | O5: =Serviceorderfile_PREVIOUS!$W540 -> 0 | P5: =IF(O5>0,N5/O5-1,1) -> 1 | Q5: ='YOY Orders'!$O18 -> 0 | R5: ='YOY Orders'!$G18 -> 0 | S5: =IF(R5>0,Q5/R5-1,1) -> 1 | T5: =Serviceorderfile_Current!$W542 -> 237 | U5: =Serviceorderfile_PREVIOUS!$W542 -> 75 | V5: =IF(U5>0,T5/U5-1,1) -> 2.16 | W5: ='YOY Orders'!$L18 -> 330 | X5: ='YOY Orders'!$D18 -> 124 | Y5: =IF(X5>0,W5/X5-1,1) -> 1.6612903 | Z5: =Serviceorderfile_Current!$W543 -> 0 | AA5: =Serviceorderfile_PREVIOUS!$W543 -> 3 | AB5: =IF(AA5>0,Z5/AA5-1,1) -> -1 | AC5: ='YOY Orders'!$N18 -> 0 | AD5: ='YOY Orders'!$F18 -> 3 | AE5: =IF(AD5>0,AC5/AD5-1,1) -> -1 | AF5: =Serviceorderfile_Current!$W537 -> 95 | AG5: =Serviceorderfile_PREVIOUS!$W537 -> 35 | AH5: =IF(AG5>0,AF5/AG5-1,1) -> 1.7142857 | AI5: ='YOY Orders'!$M18 -> 185 | AJ5: ='YOY Orders'!$E18 -> 89 | AK5: =IF(AJ5>0,AI5/AJ5-1,1) -> 1.0786517 | AL5: =B5+T5+Z5+AF5+N5+H5 -> 390 | AM5: =C5+U5+AA5+AG5+O5+I5 -> 160 | AN5: =IF(AM5>0,AL5/AM5-1,1) -> 1.4375 | AO5: =E5+W5+AC5+AI5+Q5+K5 -> 613 | AP5: =F5+X5+AD5+AJ5+R5+L5 -> 349 | AQ5: =IF(AP5>0,AO5/AP5-1,1) -> 0.75644699 | AS5: IDM | AT5: =Serviceorderfile_Current!$I539*Serviceorderfile_Current!$U539 -> 15 | AU5: =Serviceorderfile_PREVIOUS!$I539*Serviceorderfile_PREVIOUS!$U539 -> 32 | AV5: =IF(AU5>0,AT5/AU5-1,1) -> -0.53125 | AW5: =AT5/B5 -> 0.25862069 | AX5: =AU5/C5 -> 1 | AY5: =(AW5-AX5)*100 -> -74.137931 | AZ5: =Serviceorderfile_Current!$I541*Serviceorderfile_Current!$U541 -> 0 | BA5: =Serviceorderfile_PREVIOUS!$I541*Serviceorderfile_PREVIOUS!$U541 -> 0 | BB5: =IF(BA5>0,AZ5/BA5-1,1) -> 1 | BC5: =AZ5/H5 -> #DIV/0! | BD5: =BA5/I5 -> 0 | BE5: =(BC5-BD5)*100 -> #DIV/0! | BF5: =Serviceorderfile_Current!$I540*Serviceorderfile_Current!$U540 -> 0 | BG5: =Serviceorderfile_PREVIOUS!$I540*Serviceorderfile_PREVIOUS!$U540 -> 0 | BH5: =IF(BG5>0,BF5/BG5-1,1) -> 1 | BI5: =BF5/N5 -> #DIV/0! | BJ5: =BG5/O5 -> #DIV/0! | BK5: =(BI5-BJ5)*100 -> #DIV/0! | BL5: =Serviceorderfile_Current!$I542*Serviceorderfile_Current!$U542 -> 26 | BM5: =Serviceorderfile_PREVIOUS!$I542*Serviceorderfile_PREVIOUS!$U542 -> 34 | BN5: =IF(BM5>0,BL5/BM5-1,1) -> -0.23529412 | BO5: =BL5/T5 -> 0.10970464 | BP5: =BM5/U5 -> 0.45333333 | BQ5: =(BO5-BP5)*100 -> -34.362869 | BR5: =Serviceorderfile_Current!$I543*Serviceorderfile_Current!$U543 -> 0 | BS5: =Serviceorderfile_PREVIOUS!$I543*Serviceorderfile_PREVIOUS!$U543 -> 3 | BT5: =IF(BS5>0,BR5/BS5-1,1) -> -1 | BU5: =BR5/Z5 -> #DIV/0! | BV5: =BS5/AA5 -> 1 | BW5: =(BU5-BV5)*100 -> #DIV/0! | BX5: =Serviceorderfile_Current!$I537*Serviceorderfile_Current!$U537 -> 14 | BY5: =Serviceorderfile_PREVIOUS!$I537*Serviceorderfile_PREVIOUS!$U537 -> 9 | BZ5: =IF(BY5>0,BX5/BY5-1,1) -> 0.55555556 | CA5: =BX5/AF5 -> 0.14736842 | CB5: =BY5/AG5 -> 0.25714286 | CC5: =(CA5-CB5)*100 -> -10.977444 | CD5: =AT5+BL5+BR5+BX5+BF5 -> 55 | CE5: =AU5+BM5+BS5+BY5+BG5 -> 78 | CF5: =IF(CE5>0,CD5/CE5-1,1) -> -0.29487179 | CG5: =CD5/AL5 -> 0.14102564 | CH5: =CE5/AM5 -> 0.4875 | CI5: =(CG5-CH5)*100 -> -34.647436 | CK5: IDM | CL5: =Serviceorderfile_Current!$J539*Serviceorderfile_Current!$U539 -> 40 | CM5: =Serviceorderfile_PREVIOUS!$J539*Serviceorderfile_PREVIOUS!$U539 -> 0 | CN5: =IF(CM5>0,CL5/CM5-1,1) -> 1 | CO5: =Serviceorderfile_Current!$J541*Serviceorderfile_Current!$U541 -> 0 | CP5: =Serviceorderfile_PREVIOUS!$J541*Serviceorderfile_PREVIOUS!$U541 -> 0 | CQ5: =IF(CP5>0,CO5/CP5-1,1) -> 1 | CR5: =Serviceorderfile_Current!$J540*Serviceorderfile_Current!$U540 -> 0 | CS5: =Serviceorderfile_PREVIOUS!$J540*Serviceorderfile_PREVIOUS!$U540 -> 0 | CT5: =IF(CS5>0,CR5/CS5-1,1) -> 1 | CU5: =Serviceorderfile_Current!$J542*Serviceorderfile_Current!$U542 -> 26 | CV5: =Serviceorderfile_PREVIOUS!$J542*Serviceorderfile_PREVIOUS!$U542 -> 31 | CW5: =IF(CV5>0,CU5/CV5-1,1) -> -0.16129032 | CX5: =Serviceorderfile_Current!$J543*Serviceorderfile_Current!$U543 -> 0 | CY5: =Serviceorderfile_PREVIOUS!$J543*Serviceorderfile_PREVIOUS!$U543 -> 0 | CZ5: =IF(CY5>0,CX5/CY5-1,1) -> 1 | DA5: =Serviceorderfile_Current!$J537*Serviceorderfile_Current!$U537 -> 0 | DB5: =Serviceorderfile_PREVIOUS!$J537*Serviceorderfile_PREVIOUS!$U537 -> 26 | DC5: =IF(DB5>0,DA5/DB5-1,1) -> -1 | DD5: =CL5+CO5+CR5+CU5+CX5+DA5 -> 66 | DE5: =CM5+CP5+CS5+CV5+CY5+DB5 -> 57 | DF5: =IF(DE5>0,DD5/DE5-1,1) -> 0.15789474 | DH5: IDM | DI5: =Serviceorderfile_Current!$K539*Serviceorderfile_Current!$U539 -> 0 | DJ5: =Serviceorderfile_PREVIOUS!$K539*Serviceorderfile_PREVIOUS!$U539 -> 0 | DK5: =IF(DJ5>0,DI5/DJ5-1,1) -> 1 | DL5: =Serviceorderfile_Current!$K541*Serviceorderfile_Current!$U541 -> 0 | DM5: =Serviceorderfile_PREVIOUS!$K541*Serviceorderfile_PREVIOUS!$U541 -> 0 | DN5: =IF(DM5>0,DL5/DM5-1,1) -> 1 | DO5: =Serviceorderfile_Current!$K540*Serviceorderfile_Current!$U540 -> 0 | DP5: =Serviceorderfile_PREVIOUS!$K540*Serviceorderfile_PREVIOUS!$U540 -> 0 | DQ5: =IF(DP5>0,DO5/DP5-1,1) -> 1 | DR5: =Serviceorderfile_Current!$K542*Serviceorderfile_Current!$U542 -> 26 | DS5: =Serviceorderfile_PREVIOUS!$K542*Serviceorderfile_PREVIOUS!$U542 -> 1 | DT5: =IF(DS5>0,DR5/DS5-1,1) -> 25 | DU5: =Serviceorderfile_Current!$K543*Serviceorderfile_Current!$U543 -> 0 | DV5: =Serviceorderfile_PREVIOUS!$K543*Serviceorderfile_PREVIOUS!$U543 -> 0 | DW5: =IF(DV5>0,DU5/DV5-1,1) -> 1 | DX5: =Serviceorderfile_Current!$K537*Serviceorderfile_Current!$U537 -> 1 | DY5: =Serviceorderfile_PREVIOUS!$K537*Serviceorderfile_PREVIOUS!$U537 -> 0 | DZ5: =IF(DY5>0,DX5/DY5-1,1) -> 1 | EA5: =DI5+DL5+DO5+DR5+DU5+DX5 -> 27 | EB5: =DJ5+DM5+DP5+DS5+DV5+DY5 -> 1 | EC5: =IF(EB5>0,EA5/EB5-1,1) -> 26 | EE5: IDM | EF5: =Serviceorderfile_Current!$V536 -> #DIV/0! | EG5: =Aged!E33 -> 0 | EH5: =Serviceorderfile_Current!$U531*Serviceorderfile_Current!$H531 -> 0 | EI5: =Serviceorderfile_PREVIOUS!$U531*Serviceorderfile_PREVIOUS!$H531 -> 103 | EJ5: =IF(EI5>0,EH5/EI5-1,1) -> -1 | EK5: =Serviceorderfile_Current!$U533*Serviceorderfile_Current!$H533 -> 0 | EL5: =Serviceorderfile_PREVIOUS!$U533*Serviceorderfile_PREVIOUS!$H533 -> 0 | EM5: =IF(EL5>0,EK5/EL5-1,1) -> 1 | EN5: =Serviceorderfile_Current!$U532*Serviceorderfile_Current!$H532 -> 0 | EO5: =Serviceorderfile_PREVIOUS!$U532*Serviceorderfile_PREVIOUS!$H532 -> 0 | EP5: =IF(EO5>0,EN5/EO5-1,1) -> 1 | EQ5: =Serviceorderfile_Current!$U534*Serviceorderfile_Current!$H534 -> 0 | ER5: =Serviceorderfile_PREVIOUS!$U534*Serviceorderfile_PREVIOUS!$H534 -> 0 | ES5: =IF(ER5>0,EQ5/ER5-1,1) -> 1 | ET5: =Serviceorderfile_Current!$U535*Serviceorderfile_Current!$H535 -> 0 | EU5: =Serviceorderfile_PREVIOUS!$U535*Serviceorderfile_PREVIOUS!$H535 -> 0 | EV5: =IF(EU5>0,ET5/EU5-1,1) -> 1 | EX5: =Serviceorderfile_Current!$V529 -> #DIV/0! | EY5: =Aged!E86 -> 0 | EZ5: =Serviceorderfile_Current!$U533*Serviceorderfile_Current!$H533 -> 0 | FA5: =Serviceorderfile_PREVIOUS!$U533*Serviceorderfile_PREVIOUS!$H533 -> 0 | FB5: =IF(FA5>0,EZ5/FA5-1,1) -> 1 | FD5: =EZ5+ET5+EQ5+EN5+EK5+EH5 -> 0 | FE5: =FA5+EU5+ER5+EO5+EL5+EI5 -> 103 | FF5: =IF(FE5>0,FD5/FE5-1,1) -> -1
A6: IDS | B6: =Serviceorderfile_Current!$W556 -> 0 | C6: =Serviceorderfile_PREVIOUS!$W556 -> 0 | D6: =IF(C6>0,B6/C6-1,1) -> 1 | E6: ='YOY Orders'!$J37 -> 0 | F6: ='YOY Orders'!$B37 -> 0 | G6: =IF(F6>0,E6/F6-1,1) -> 1 | H6: =Serviceorderfile_Current!$W558 -> 0 | I6: =Serviceorderfile_PREVIOUS!$W558 -> 0 | J6: =IF(I6>0,H6/I6-1,1) -> 1 | K6: ='YOY Orders'!$K37 -> 0 | L6: ='YOY Orders'!$C38 -> 0 | M6: =IF(L6>0,K6/L6-1,1) -> 1 | N6: =Serviceorderfile_Current!$W557 -> 0 | O6: =Serviceorderfile_PREVIOUS!$W557 -> 0 | P6: =IF(O6>0,N6/O6-1,1) -> 1 | Q6: ='YOY Orders'!$O37 -> 0 | R6: ='YOY Orders'!$G37 -> 0 | S6: =IF(R6>0,Q6/R6-1,1) -> 1 | T6: =Serviceorderfile_Current!$W559 -> 0 | U6: =Serviceorderfile_PREVIOUS!$W559 -> 0 | V6: =IF(U6>0,T6/U6-1,1) -> 1 | W6: ='YOY Orders'!$L37 -> 0 | X6: ='YOY Orders'!$D37 -> 0 | Y6: =IF(X6>0,W6/X6-1,1) -> 1 | Z6: =Serviceorderfile_Current!$W560 -> 0 | AA6: =Serviceorderfile_PREVIOUS!$W560 -> 0 | AB6: =IF(AA6>0,Z6/AA6-1,1) -> 1 | AC6: ='YOY Orders'!$N37 -> 0 | AD6: ='YOY Orders'!$F37 -> 0 | AE6: =IF(AD6>0,AC6/AD6-1,1) -> 1 | AF6: =Serviceorderfile_Current!$W554 -> 109.01537 | AG6: =Serviceorderfile_PREVIOUS!$W554 -> 61.304487 | AH6: =IF(AG6>0,AF6/AG6-1,1) -> 0.77826087 | AI6: ='YOY Orders'!$M37 -> 193.24241 | AJ6: ='YOY Orders'!$E37 -> 191.64316 | AK6: =IF(AJ6>0,AI6/AJ6-1,1) -> 0.0083449235 | AL6: =B6+T6+Z6+AF6+N6+H6 -> 109.01537 | AM6: =C6+U6+AA6+AG6+O6+I6 -> 61.304487 | AN6: =IF(AM6>0,AL6/AM6-1,1) -> 0.77826087 | AO6: =E6+W6+AC6+AI6+Q6+K6 -> 193.24241 | AP6: =F6+X6+AD6+AJ6+R6+L6 -> 191.64316 | AQ6: =IF(AP6>0,AO6/AP6-1,1) -> 0.0083449235 | AS6: IDS | AT6: =Serviceorderfile_Current!$I556*Serviceorderfile_Current!$U556 -> 0 | AU6: =Serviceorderfile_PREVIOUS!$I556*Serviceorderfile_PREVIOUS!$U556 -> 0 | AV6: =IF(AU6>0,AT6/AU6-1,1) -> 1 | AW6: =AT6/B6 -> #DIV/0! | AX6: =AU6/C6 -> #DIV/0! | AY6: =(AW6-AX6)*100 -> #DIV/0! | AZ6: =Serviceorderfile_Current!$I558*Serviceorderfile_Current!$U558 -> 0 | BA6: =Serviceorderfile_PREVIOUS!$I558*Serviceorderfile_PREVIOUS!$U558 -> 0 | BB6: =IF(BA6>0,AZ6/BA6-1,1) -> 1 | BC6: =AZ6/H6 -> #DIV/0! | BD6: =BA6/I6 -> #DIV/0! | BE6: =(BC6-BD6)*100 -> #DIV/0! | BF6: =Serviceorderfile_Current!$I557*Serviceorderfile_Current!$U557 -> 0 | BG6: =Serviceorderfile_PREVIOUS!$I557*Serviceorderfile_PREVIOUS!$U557 -> 0 | BH6: =IF(BG6>0,BF6/BG6-1,1) -> 1 | BI6: =BF6/N6 -> #DIV/0! | BJ6: =BG6/O6 -> #DIV/0! | BK6: =(BI6-BJ6)*100 -> #DIV/0! | BL6: =Serviceorderfile_Current!$I559*Serviceorderfile_Current!$U559 -> 0 | BM6: =Serviceorderfile_PREVIOUS!$I559*Serviceorderfile_PREVIOUS!$U559 -> 0 | BN6: =IF(BM6>0,BL6/BM6-1,1) -> 1 | BO6: =BL6/T6 -> #DIV/0! | BP6: =BM6/U6 -> #DIV/0! | BQ6: =(BO6-BP6)*100 -> #DIV/0! | BR6: =Serviceorderfile_Current!$I560*Serviceorderfile_Current!$U560 -> 0 | BS6: =Serviceorderfile_PREVIOUS!$I560*Serviceorderfile_PREVIOUS!$U560 -> 0 | BT6: =IF(BS6>0,BR6/BS6-1,1) -> 1 | BU6: =BR6/Z6 -> #DIV/0! | BV6: =BS6/AA6 -> #DIV/0! | BW6: =(BU6-BV6)*100 -> #DIV/0! | BX6: =Serviceorderfile_Current!$I554*Serviceorderfile_Current!$U554 -> 51.17592 | BY6: =Serviceorderfile_PREVIOUS!$I554*Serviceorderfile_PREVIOUS!$U554 -> 47.710884 | BZ6: =IF(BY6>0,BX6/BY6-1,1) -> 0.072625698 | CA6: =BX6/AF6 -> 0.46943765 | CB6: =BY6/AG6 -> 0.77826087 | CC6: =(CA6-CB6)*100 -> -30.882322 | CD6: =AT6+BL6+BR6+BX6+BF6 -> 51.17592 | CE6: =AU6+BM6+BS6+BY6+BG6 -> 47.710884 | CF6: =IF(CE6>0,CD6/CE6-1,1) -> 0.072625698 | CG6: =CD6/AL6 -> 0.46943765 | CH6: =CE6/AM6 -> 0.77826087 | CI6: =(CG6-CH6)*100 -> -30.882322 | CK6: IDS | CL6: =Serviceorderfile_Current!$J556*Serviceorderfile_Current!$U556 -> 0 | CM6: =Serviceorderfile_PREVIOUS!$J556*Serviceorderfile_PREVIOUS!$U556 -> 0 | CN6: =IF(CM6>0,CL6/CM6-1,1) -> 1 | CO6: =Serviceorderfile_Current!$J558*Serviceorderfile_Current!$U558 -> 0 | CP6: =Serviceorderfile_PREVIOUS!$J558*Serviceorderfile_PREVIOUS!$U558 -> 0 | CQ6: =IF(CP6>0,CO6/CP6-1,1) -> 1 | CR6: =Serviceorderfile_Current!$J557*Serviceorderfile_Current!$U557 -> 0 | CS6: =Serviceorderfile_PREVIOUS!$J557*Serviceorderfile_PREVIOUS!$U557 -> 0 | CT6: =IF(CS6>0,CR6/CS6-1,1) -> 1 | CU6: =Serviceorderfile_Current!$J559*Serviceorderfile_Current!$U559 -> 0 | CV6: =Serviceorderfile_PREVIOUS!$J559*Serviceorderfile_PREVIOUS!$U559 -> 0 | CW6: =IF(CV6>0,CU6/CV6-1,1) -> 1 | CX6: =Serviceorderfile_Current!$J560*Serviceorderfile_Current!$U560 -> 0 | CY6: =Serviceorderfile_PREVIOUS!$J560*Serviceorderfile_PREVIOUS!$U560 -> 0 | CZ6: =IF(CY6>0,CX6/CY6-1,1) -> 1 | DA6: =Serviceorderfile_Current!$J554*Serviceorderfile_Current!$U554 -> 1.8657887 | DB6: =Serviceorderfile_PREVIOUS!$J554*Serviceorderfile_PREVIOUS!$U554 -> 4.26466 | DC6: =IF(DB6>0,DA6/DB6-1,1) -> -0.5625 | DD6: =CL6+CO6+CR6+CU6+CX6+DA6 -> 1.8657887 | DE6: =CM6+CP6+CS6+CV6+CY6+DB6 -> 4.26466 | DF6: =IF(DE6>0,DD6/DE6-1,1) -> -0.5625 | DH6: IDS | DI6: =Serviceorderfile_Current!$K556*Serviceorderfile_Current!$U556 -> 0 | DJ6: =Serviceorderfile_PREVIOUS!$K556*Serviceorderfile_PREVIOUS!$U556 -> 0 | DK6: =IF(DJ6>0,DI6/DJ6-1,1) -> 1 | DL6: =Serviceorderfile_Current!$K558*Serviceorderfile_Current!$U558 -> 0 | DM6: =Serviceorderfile_PREVIOUS!$K558*Serviceorderfile_PREVIOUS!$U558 -> 0 | DN6: =IF(DM6>0,DL6/DM6-1,1) -> 1 | DO6: =Serviceorderfile_Current!$K557*Serviceorderfile_Current!$U557 -> 0 | DP6: =Serviceorderfile_PREVIOUS!$K557*Serviceorderfile_PREVIOUS!$U557 -> 0 | DQ6: =IF(DP6>0,DO6/DP6-1,1) -> 1 | DR6: =Serviceorderfile_Current!$K559*Serviceorderfile_Current!$U559 -> 0 | DS6: =Serviceorderfile_PREVIOUS!$K559*Serviceorderfile_PREVIOUS!$U559 -> 0 | DT6: =IF(DS6>0,DR6/DS6-1,1) -> 1 | DU6: =Serviceorderfile_Current!$K560*Serviceorderfile_Current!$U560 -> 0 | DV6: =Serviceorderfile_PREVIOUS!$K560*Serviceorderfile_PREVIOUS!$U560 -> 0 | DW6: =IF(DV6>0,DU6/DV6-1,1) -> 1 | DX6: =Serviceorderfile_Current!$K554*Serviceorderfile_Current!$U554 -> 7.463155 | DY6: =Serviceorderfile_PREVIOUS!$K554*Serviceorderfile_PREVIOUS!$U554 -> 9.3289437 | DZ6: =IF(DY6>0,DX6/DY6-1,1) -> -0.2 | EA6: =DI6+DL6+DO6+DR6+DU6+DX6 -> 7.463155 | EB6: =DJ6+DM6+DP6+DS6+DV6+DY6 -> 9.3289437 | EC6: =IF(EB6>0,EA6/EB6-1,1) -> -0.2 | EE6: IDS | EF6: =Serviceorderfile_Current!$V553 -> #DIV/0! | EG6: =Aged!E34 -> 0 | EH6: =Serviceorderfile_Current!$U548*Serviceorderfile_Current!$H548 -> 0 | EI6: =Serviceorderfile_PREVIOUS!$U548*Serviceorderfile_PREVIOUS!$H548 -> 0 | EJ6: =IF(EI6>0,EH6/EI6-1,1) -> 1 | EK6: =Serviceorderfile_Current!$U550*Serviceorderfile_Current!$H550 -> 0 | EL6: =Serviceorderfile_PREVIOUS!$U550*Serviceorderfile_PREVIOUS!$H550 -> 0 | EM6: =IF(EL6>0,EK6/EL6-1,1) -> 1 | EN6: =Serviceorderfile_Current!$U549*Serviceorderfile_Current!$H549 -> 0 | EO6: =Serviceorderfile_PREVIOUS!$U549*Serviceorderfile_PREVIOUS!$H549 -> 0 | EP6: =IF(EO6>0,EN6/EO6-1,1) -> 1 | EQ6: =Serviceorderfile_Current!$U551*Serviceorderfile_Current!$H551 -> 0 | ER6: =Serviceorderfile_PREVIOUS!$U551*Serviceorderfile_PREVIOUS!$H551 -> 0 | ES6: =IF(ER6>0,EQ6/ER6-1,1) -> 1 | ET6: =Serviceorderfile_Current!$U552*Serviceorderfile_Current!$H552 -> 0 | EU6: =Serviceorderfile_PREVIOUS!$U552*Serviceorderfile_PREVIOUS!$H552 -> 0 | EV6: =IF(EU6>0,ET6/EU6-1,1) -> 1 | EX6: =Serviceorderfile_Current!$V546 -> #DIV/0! | EY6: =Aged!E87 -> 0 | EZ6: =Serviceorderfile_Current!$U550*Serviceorderfile_Current!$H550 -> 0 | FA6: =Serviceorderfile_PREVIOUS!$U550*Serviceorderfile_PREVIOUS!$H550 -> 0 | FB6: =IF(FA6>0,EZ6/FA6-1,1) -> 1 | FD6: =EZ6+ET6+EQ6+EN6+EK6+EH6 -> 0 | FE6: =FA6+EU6+ER6+EO6+EL6+EI6 -> 0 | FF6: =IF(FE6>0,FD6/FE6-1,1) -> 1
A7: Saudi | B7: =Serviceorderfile_Current!$W692 -> 340.90626 | C7: =Serviceorderfile_PREVIOUS!$W692 -> 605.04864 | D7: =IF(C7>0,B7/C7-1,1) -> -0.43656388 | E7: ='YOY Orders'!$J31 -> 715.39671 | F7: ='YOY Orders'!$B31 -> 959.28196 | G7: =IF(F7>0,E7/F7-1,1) -> -0.25423729 | H7: =Serviceorderfile_Current!$W694 -> 711.66513 | I7: =Serviceorderfile_PREVIOUS!$W694 -> 425.66637 | J7: =IF(I7>0,H7/I7-1,1) -> 0.67188478 | K7: ='YOY Orders'!$K31 -> 872.12297 | L7: ='YOY Orders'!$C31 -> -15.459392 | M7: =IF(L7>0,K7/L7-1,1) -> 1 | N7: =Serviceorderfile_Current!$W693 -> 1622.7031 | O7: =Serviceorderfile_PREVIOUS!$W693 -> 1665.0832 | P7: =IF(O7>0,N7/O7-1,1) -> -0.025452217 | Q7: ='YOY Orders'!$O31 -> 2779.2256 | R7: ='YOY Orders'!$G31 -> 2229.0845 | S7: =IF(R7>0,Q7/R7-1,1) -> 0.24680139 | T7: =Serviceorderfile_Current!$W695 -> 557.07121 | U7: =Serviceorderfile_PREVIOUS!$W695 -> 493.63439 | V7: =IF(U7>0,T7/U7-1,1) -> 0.12850972 | W7: ='YOY Orders'!$L31 -> 614.64412 | X7: ='YOY Orders'!$D31 -> 391.01601 | Y7: =IF(X7>0,W7/X7-1,1) -> 0.57191547 | Z7: =Serviceorderfile_Current!$W696 -> 63.9699 | AA7: =Serviceorderfile_PREVIOUS!$W696 -> 103.418 | AB7: =IF(AA7>0,Z7/AA7-1,1) -> -0.3814433 | AC7: ='YOY Orders'!$N31 -> 93.82252 | AD7: ='YOY Orders'!$F31 -> 124.47476 | AE7: =IF(AD7>0,AC7/AD7-1,1) -> -0.24625268 | AF7: =Serviceorderfile_Current!$W690 -> 0 | AG7: =Serviceorderfile_PREVIOUS!$W690 -> 0 | AH7: =IF(AG7>0,AF7/AG7-1,1) -> 1 | AI7: ='YOY Orders'!$M31 -> 0 | AJ7: ='YOY Orders'!$E31 -> 0 | AK7: =IF(AJ7>0,AI7/AJ7-1,1) -> 1 | AL7: =B7+T7+Z7+AF7+N7+H7 -> 3296.3156 | AM7: =C7+U7+AA7+AG7+O7+I7 -> 3292.8506 | AN7: =IF(AM7>0,AL7/AM7-1,1) -> 0.0010522908 | AO7: =E7+W7+AC7+AI7+Q7+K7 -> 5075.2119 | AP7: =F7+X7+AD7+AJ7+R7+L7 -> 3688.3978 | AQ7: =IF(AP7>0,AO7/AP7-1,1) -> 0.37599364 | AS7: Saudi | AT7: =Serviceorderfile_Current!$I692*Serviceorderfile_Current!$U692 -> 139.13453 | AU7: =Serviceorderfile_PREVIOUS!$I692*Serviceorderfile_PREVIOUS!$U692 -> 246.55066 | AV7: =IF(AU7>0,AT7/AU7-1,1) -> -0.43567568 | AW7: =AT7/B7 -> 0.40813135 | AX7: =AU7/C7 -> 0.40748899 | AY7: =(AW7-AX7)*100 -> 0.064236584 | AZ7: =Serviceorderfile_Current!$I694*Serviceorderfile_Current!$U694 -> 142.59957 | BA7: =Serviceorderfile_PREVIOUS!$I694*Serviceorderfile_PREVIOUS!$U694 -> 269.4732 | BB7: =IF(BA7>0,AZ7/BA7-1,1) -> -0.47082097 | BC7: =AZ7/H7 -> 0.20037453 | BD7: =BA7/I7 -> 0.63306199 | BE7: =(BC7-BD7)*100 -> -43.268746 | BF7: =Serviceorderfile_Current!$I693*Serviceorderfile_Current!$U693 -> 526.15243 | BG7: =Serviceorderfile_PREVIOUS!$I693*Serviceorderfile_PREVIOUS!$U693 -> 621.04111 | BH7: =IF(BG7>0,BF7/BG7-1,1) -> -0.1527897 | BI7: =BF7/N7 -> 0.32424442 | BJ7: =BG7/O7 -> 0.37297903 | BK7: =(BI7-BJ7)*100 -> -4.8734615 | BL7: =Serviceorderfile_Current!$I695*Serviceorderfile_Current!$U695 -> 78.89621 | BM7: =Serviceorderfile_PREVIOUS!$I695*Serviceorderfile_PREVIOUS!$U695 -> 73.032302 | BN7: =IF(BM7>0,BL7/BM7-1,1) -> 0.080291971 | BO7: =BL7/T7 -> 0.14162679 | BP7: =BM7/U7 -> 0.14794816 | BQ7: =(BO7-BP7)*100 -> -0.63213699 | BR7: =Serviceorderfile_Current!$I696*Serviceorderfile_Current!$U696 -> 3.7315775 | BS7: =Serviceorderfile_PREVIOUS!$I696*Serviceorderfile_PREVIOUS!$U696 -> 37.049234 | BT7: =IF(BS7>0,BR7/BS7-1,1) -> -0.89928058 | BU7: =BR7/Z7 -> 0.058333333 | BV7: =BS7/AA7 -> 0.35824742 | BW7: =(BU7-BV7)*100 -> -29.991409 | BX7: =Serviceorderfile_Current!$I690*Serviceorderfile_Current!$U690 -> 0 | BY7: =Serviceorderfile_PREVIOUS!$I690*Serviceorderfile_PREVIOUS!$U690 -> 0 | BZ7: =IF(BY7>0,BX7/BY7-1,1) -> 1 | CA7: =BX7/AF7 -> #DIV/0! | CB7: =BY7/AG7 -> #DIV/0! | CC7: =(CA7-CB7)*100 -> #DIV/0! | CD7: =AT7+BL7+BR7+BX7+BF7 -> 747.91474 | CE7: =AU7+BM7+BS7+BY7+BG7 -> 977.6733 | CF7: =IF(CE7>0,CD7/CE7-1,1) -> -0.23500545 | CG7: =CD7/AL7 -> 0.22689415 | CH7: =CE7/AM7 -> 0.29690788 | CI7: =(CG7-CH7)*100 -> -7.001373 | CK7: Saudi | CL7: =Serviceorderfile_Current!$J692*Serviceorderfile_Current!$U692 -> 77.030421 | CM7: =Serviceorderfile_PREVIOUS!$J692*Serviceorderfile_PREVIOUS!$U692 -> 55.973662 | CN7: =IF(CM7>0,CL7/CM7-1,1) -> 0.37619048 | CO7: =Serviceorderfile_Current!$J694*Serviceorderfile_Current!$U694 -> 84.227035 | CP7: =Serviceorderfile_PREVIOUS!$J694*Serviceorderfile_PREVIOUS!$U694 -> 156.19317 | CQ7: =IF(CP7>0,CO7/CP7-1,1) -> -0.46075085 | CR7: =Serviceorderfile_Current!$J693*Serviceorderfile_Current!$U693 -> 289.99688 | CS7: =Serviceorderfile_PREVIOUS!$J693*Serviceorderfile_PREVIOUS!$U693 -> 347.30325 | CT7: =IF(CS7>0,CR7/CS7-1,1) -> -0.16500384 | CU7: =Serviceorderfile_Current!$J695*Serviceorderfile_Current!$U695 -> 70.633431 | CV7: =Serviceorderfile_PREVIOUS!$J695*Serviceorderfile_PREVIOUS!$U695 -> 67.701477 | CW7: =IF(CV7>0,CU7/CV7-1,1) -> 0.043307087 | CX7: =Serviceorderfile_Current!$J696*Serviceorderfile_Current!$U696 -> 22.122924 | CY7: =Serviceorderfile_PREVIOUS!$J696*Serviceorderfile_PREVIOUS!$U696 -> 28.786455 | CZ7: =IF(CY7>0,CX7/CY7-1,1) -> -0.23148148 | DA7: =Serviceorderfile_Current!$J690*Serviceorderfile_Current!$U690 -> 0 | DB7: =Serviceorderfile_PREVIOUS!$J690*Serviceorderfile_PREVIOUS!$U690 -> 0 | DC7: =IF(DB7>0,DA7/DB7-1,1) -> 1 | DD7: =CL7+CO7+CR7+CU7+CX7+DA7 -> 544.01069 | DE7: =CM7+CP7+CS7+CV7+CY7+DB7 -> 655.95801 | DF7: =IF(DE7>0,DD7/DE7-1,1) -> -0.17066233 | DH7: Saudi | DI7: =Serviceorderfile_Current!$K692*Serviceorderfile_Current!$U692 -> 11.194732 | DJ7: =Serviceorderfile_PREVIOUS!$K692*Serviceorderfile_PREVIOUS!$U692 -> 73.032302 | DK7: =IF(DJ7>0,DI7/DJ7-1,1) -> -0.84671533 | DL7: =Serviceorderfile_Current!$K694*Serviceorderfile_Current!$U694 -> 264.942 | DM7: =Serviceorderfile_PREVIOUS!$K694*Serviceorderfile_PREVIOUS!$U694 -> 0 | DN7: =IF(DM7>0,DL7/DM7-1,1) -> 1 | DO7: =Serviceorderfile_Current!$K693*Serviceorderfile_Current!$U693 -> 180.18188 | DP7: =Serviceorderfile_PREVIOUS!$K693*Serviceorderfile_PREVIOUS!$U693 -> 94.355602 | DQ7: =IF(DP7>0,DO7/DP7-1,1) -> 0.90960452 | DR7: =Serviceorderfile_Current!$K695*Serviceorderfile_Current!$U695 -> 64.502982 | DS7: =Serviceorderfile_PREVIOUS!$K695*Serviceorderfile_PREVIOUS!$U695 -> 70.899972 | DT7: =IF(DS7>0,DR7/DS7-1,1) -> -0.090225564 | DU7: =Serviceorderfile_Current!$K696*Serviceorderfile_Current!$U696 -> 5.8639075 | DV7: =Serviceorderfile_PREVIOUS!$K696*Serviceorderfile_PREVIOUS!$U696 -> 9.3289437 | DW7: =IF(DV7>0,DU7/DV7-1,1) -> -0.37142857 | DX7: =Serviceorderfile_Current!$K690*Serviceorderfile_Current!$U690 -> 0 | DY7: =Serviceorderfile_PREVIOUS!$K690*Serviceorderfile_PREVIOUS!$U690 -> 0 | DZ7: =IF(DY7>0,DX7/DY7-1,1) -> 1 | EA7: =DI7+DL7+DO7+DR7+DU7+DX7 -> 526.68551 | EB7: =DJ7+DM7+DP7+DS7+DV7+DY7 -> 247.61682 | EC7: =IF(EB7>0,EA7/EB7-1,1) -> 1.1270183 | EE7: Saudi | EF7: =Serviceorderfile_Current!$V689 -> 0.98257667 | EG7: =Aged!E42 -> 0.97 | EH7: =Serviceorderfile_Current!$U684*Serviceorderfile_Current!$H684 -> 308.92131 | EI7: =Serviceorderfile_PREVIOUS!$U684*Serviceorderfile_PREVIOUS!$H684 -> 630.10351 | EJ7: =IF(EI7>0,EH7/EI7-1,1) -> -0.50972927 | EK7: =Serviceorderfile_Current!$U686*Serviceorderfile_Current!$H686 -> 1401.4739 | EL7: =Serviceorderfile_PREVIOUS!$U686*Serviceorderfile_PREVIOUS!$H686 -> 868.39139 | EM7: =IF(EL7>0,EK7/EL7-1,1) -> 0.61387354 | EN7: =Serviceorderfile_Current!$U685*Serviceorderfile_Current!$H685 -> 6838.3823 | EO7: =Serviceorderfile_PREVIOUS!$U685*Serviceorderfile_PREVIOUS!$H685 -> 2955.6759 | EP7: =IF(EO7>0,EN7/EO7-1,1) -> 1.3136442 | EQ7: =Serviceorderfile_Current!$U687*Serviceorderfile_Current!$H687 -> 63.9699 | ER7: =Serviceorderfile_PREVIOUS!$U687*Serviceorderfile_PREVIOUS!$H687 -> 410.20698 | ES7: =IF(ER7>0,EQ7/ER7-1,1) -> -0.84405458 | ET7: =Serviceorderfile_Current!$U688*Serviceorderfile_Current!$H688 -> 391.81564 | EU7: =Serviceorderfile_PREVIOUS!$U688*Serviceorderfile_PREVIOUS!$H688 -> 0 | EV7: =IF(EU7>0,ET7/EU7-1,1) -> 1 | EX7: =Serviceorderfile_Current!$V682 -> #DIV/0! | EY7: =Aged!E95 -> 0 | EZ7: =Serviceorderfile_Current!$U686*Serviceorderfile_Current!$H686 -> 1401.4739 | FA7: =Serviceorderfile_PREVIOUS!$U686*Serviceorderfile_PREVIOUS!$H686 -> 868.39139 | FB7: =IF(FA7>0,EZ7/FA7-1,1) -> 0.61387354 | FD7: =EZ7+ET7+EQ7+EN7+EK7+EH7 -> 10406.037 | FE7: =FA7+EU7+ER7+EO7+EL7+EI7 -> 5732.7692 | FF7: =IF(FE7>0,FD7/FE7-1,1) -> 0.81518505
A8: Iraq | B8: =Serviceorderfile_Current!$W573 -> 5 | C8: =Serviceorderfile_PREVIOUS!$W573 -> 19 | D8: =IF(C8>0,B8/C8-1,1) -> -0.73684211 | E8: ='YOY Orders'!$J40 -> -12 | F8: ='YOY Orders'!$B40 -> 60 | G8: =IF(F8>0,E8/F8-1,1) -> -1.2 | H8: =Serviceorderfile_Current!$W575 -> 65 | I8: =Serviceorderfile_PREVIOUS!$W575 -> 34 | J8: =IF(I8>0,H8/I8-1,1) -> 0.91176471 | K8: ='YOY Orders'!$K40 -> 92 | L8: ='YOY Orders'!$C40 -> 78 | M8: =IF(L8>0,K8/L8-1,1) -> 0.17948718 | N8: =Serviceorderfile_Current!$W574 -> 76 | O8: =Serviceorderfile_PREVIOUS!$W574 -> 151 | P8: =IF(O8>0,N8/O8-1,1) -> -0.49668874 | Q8: ='YOY Orders'!$O40 -> 38 | R8: ='YOY Orders'!$G40 -> 249 | S8: =IF(R8>0,Q8/R8-1,1) -> -0.84738956 | T8: =Serviceorderfile_Current!$W576 -> 12 | U8: =Serviceorderfile_PREVIOUS!$W576 -> 49 | V8: =IF(U8>0,T8/U8-1,1) -> -0.75510204 | W8: ='YOY Orders'!$L40 -> 5 | X8: ='YOY Orders'!$D40 -> 46 | Y8: =IF(X8>0,W8/X8-1,1) -> -0.89130435 | Z8: =Serviceorderfile_Current!$W577 -> 47 | AA8: =Serviceorderfile_PREVIOUS!$W577 -> 36 | AB8: =IF(AA8>0,Z8/AA8-1,1) -> 0.30555556 | AC8: ='YOY Orders'!$N40 -> 17 | AD8: ='YOY Orders'!$F40 -> 0 | AE8: =IF(AD8>0,AC8/AD8-1,1) -> 1 | AF8: =Serviceorderfile_Current!$W571 -> 220 | AG8: =Serviceorderfile_PREVIOUS!$W571 -> 315 | AH8: =IF(AG8>0,AF8/AG8-1,1) -> -0.3015873 | AI8: ='YOY Orders'!$M40 -> 269 | AJ8: ='YOY Orders'!$E40 -> 244 | AK8: =IF(AJ8>0,AI8/AJ8-1,1) -> 0.10245902 | AL8: =B8+T8+Z8+AF8+N8+H8 -> 425 | AM8: =C8+U8+AA8+AG8+O8+I8 -> 604 | AN8: =IF(AM8>0,AL8/AM8-1,1) -> -0.29635762 | AO8: =E8+W8+AC8+AI8+Q8+K8 -> 409 | AP8: =F8+X8+AD8+AJ8+R8+L8 -> 677 | AQ8: =IF(AP8>0,AO8/AP8-1,1) -> -0.39586411 | AS8: Iraq | AT8: =Serviceorderfile_Current!$I573*Serviceorderfile_Current!$U573 -> 0 | AU8: =Serviceorderfile_PREVIOUS!$I573*Serviceorderfile_PREVIOUS!$U573 -> 19 | AV8: =IF(AU8>0,AT8/AU8-1,1) -> -1 | AW8: =AT8/B8 -> 0 | AX8: =AU8/C8 -> 1 | AY8: =(AW8-AX8)*100 -> -100 | AZ8: =Serviceorderfile_Current!$I575*Serviceorderfile_Current!$U575 -> 3 | BA8: =Serviceorderfile_PREVIOUS!$I575*Serviceorderfile_PREVIOUS!$U575 -> 16 | BB8: =IF(BA8>0,AZ8/BA8-1,1) -> -0.8125 | BC8: =AZ8/H8 -> 0.046153846 | BD8: =BA8/I8 -> 0.47058824 | BE8: =(BC8-BD8)*100 -> -42.443439 | BF8: =Serviceorderfile_Current!$I574*Serviceorderfile_Current!$U574 -> 7 | BG8: =Serviceorderfile_PREVIOUS!$I574*Serviceorderfile_PREVIOUS!$U574 -> 41 | BH8: =IF(BG8>0,BF8/BG8-1,1) -> -0.82926829 | BI8: =BF8/N8 -> 0.092105263 | BJ8: =BG8/O8 -> 0.27152318 | BK8: =(BI8-BJ8)*100 -> -17.941792 | BL8: =Serviceorderfile_Current!$I576*Serviceorderfile_Current!$U576 -> 1 | BM8: =Serviceorderfile_PREVIOUS!$I576*Serviceorderfile_PREVIOUS!$U576 -> 5 | BN8: =IF(BM8>0,BL8/BM8-1,1) -> -0.8 | BO8: =BL8/T8 -> 0.083333333 | BP8: =BM8/U8 -> 0.10204082 | BQ8: =(BO8-BP8)*100 -> -1.8707483 | BR8: =Serviceorderfile_Current!$I577*Serviceorderfile_Current!$U577 -> 5 | BS8: =Serviceorderfile_PREVIOUS!$I577*Serviceorderfile_PREVIOUS!$U577 -> 0 | BT8: =IF(BS8>0,BR8/BS8-1,1) -> 1 | BU8: =BR8/Z8 -> 0.10638298 | BV8: =BS8/AA8 -> 0 | BW8: =(BU8-BV8)*100 -> 10.638298 | BX8: =Serviceorderfile_Current!$I571*Serviceorderfile_Current!$U571 -> 44 | BY8: =Serviceorderfile_PREVIOUS!$I571*Serviceorderfile_PREVIOUS!$U571 -> 45 | BZ8: =IF(BY8>0,BX8/BY8-1,1) -> -0.022222222 | CA8: =BX8/AF8 -> 0.2 | CB8: =BY8/AG8 -> 0.14285714 | CC8: =(CA8-CB8)*100 -> 5.7142857 | CD8: =AT8+BL8+BR8+BX8+BF8 -> 57 | CE8: =AU8+BM8+BS8+BY8+BG8 -> 110 | CF8: =IF(CE8>0,CD8/CE8-1,1) -> -0.48181818 | CG8: =CD8/AL8 -> 0.13411765 | CH8: =CE8/AM8 -> 0.18211921 | CI8: =(CG8-CH8)*100 -> -4.8001558 | CK8: Iraq | CL8: =Serviceorderfile_Current!$J573*Serviceorderfile_Current!$U573 -> 4 | CM8: =Serviceorderfile_PREVIOUS!$J573*Serviceorderfile_PREVIOUS!$U573 -> 0 | CN8: =IF(CM8>0,CL8/CM8-1,1) -> 1 | CO8: =Serviceorderfile_Current!$J575*Serviceorderfile_Current!$U575 -> 15 | CP8: =Serviceorderfile_PREVIOUS!$J575*Serviceorderfile_PREVIOUS!$U575 -> 0 | CQ8: =IF(CP8>0,CO8/CP8-1,1) -> 1 | CR8: =Serviceorderfile_Current!$J574*Serviceorderfile_Current!$U574 -> 7 | CS8: =Serviceorderfile_PREVIOUS!$J574*Serviceorderfile_PREVIOUS!$U574 -> 16 | CT8: =IF(CS8>0,CR8/CS8-1,1) -> -0.5625 | CU8: =Serviceorderfile_Current!$J576*Serviceorderfile_Current!$U576 -> 1 | CV8: =Serviceorderfile_PREVIOUS!$J576*Serviceorderfile_PREVIOUS!$U576 -> 5 | CW8: =IF(CV8>0,CU8/CV8-1,1) -> -0.8 | CX8: =Serviceorderfile_Current!$J577*Serviceorderfile_Current!$U577 -> 6 | CY8: =Serviceorderfile_PREVIOUS!$J577*Serviceorderfile_PREVIOUS!$U577 -> 0 | CZ8: =IF(CY8>0,CX8/CY8-1,1) -> 1 | DA8: =Serviceorderfile_Current!$J571*Serviceorderfile_Current!$U571 -> 72 | DB8: =Serviceorderfile_PREVIOUS!$J571*Serviceorderfile_PREVIOUS!$U571 -> 200 | DC8: =IF(DB8>0,DA8/DB8-1,1) -> -0.64 | DD8: =CL8+CO8+CR8+CU8+CX8+DA8 -> 105 | DE8: =CM8+CP8+CS8+CV8+CY8+DB8 -> 221 | DF8: =IF(DE8>0,DD8/DE8-1,1) -> -0.52488688 | DH8: Iraq | DI8: =Serviceorderfile_Current!$K573*Serviceorderfile_Current!$U573 -> 0 | DJ8: =Serviceorderfile_PREVIOUS!$K573*Serviceorderfile_PREVIOUS!$U573 -> 0 | DK8: =IF(DJ8>0,DI8/DJ8-1,1) -> 1 | DL8: =Serviceorderfile_Current!$K575*Serviceorderfile_Current!$U575 -> 5 | DM8: =Serviceorderfile_PREVIOUS!$K575*Serviceorderfile_PREVIOUS!$U575 -> 0 | DN8: =IF(DM8>0,DL8/DM8-1,1) -> 1 | DO8: =Serviceorderfile_Current!$K574*Serviceorderfile_Current!$U574 -> 7 | DP8: =Serviceorderfile_PREVIOUS!$K574*Serviceorderfile_PREVIOUS!$U574 -> 16 | DQ8: =IF(DP8>0,DO8/DP8-1,1) -> -0.5625 | DR8: =Serviceorderfile_Current!$K576*Serviceorderfile_Current!$U576 -> 1 | DS8: =Serviceorderfile_PREVIOUS!$K576*Serviceorderfile_PREVIOUS!$U576 -> 5 | DT8: =IF(DS8>0,DR8/DS8-1,1) -> -0.8 | DU8: =Serviceorderfile_Current!$K577*Serviceorderfile_Current!$U577 -> 0 | DV8: =Serviceorderfile_PREVIOUS!$K577*Serviceorderfile_PREVIOUS!$U577 -> 0 | DW8: =IF(DV8>0,DU8/DV8-1,1) -> 1 | DX8: =Serviceorderfile_Current!$K571*Serviceorderfile_Current!$U571 -> 15 | DY8: =Serviceorderfile_PREVIOUS!$K571*Serviceorderfile_PREVIOUS!$U571 -> 60 | DZ8: =IF(DY8>0,DX8/DY8-1,1) -> -0.75 | EA8: =DI8+DL8+DO8+DR8+DU8+DX8 -> 28 | EB8: =DJ8+DM8+DP8+DS8+DV8+DY8 -> 81 | EC8: =IF(EB8>0,EA8/EB8-1,1) -> -0.65432099 | EE8: Iraq | EF8: =Serviceorderfile_Current!$V570 -> 1 | EG8: =Aged!E35 -> 1 | EH8: =Serviceorderfile_Current!$U565*Serviceorderfile_Current!$H565 -> 735 | EI8: =Serviceorderfile_PREVIOUS!$U565*Serviceorderfile_PREVIOUS!$H565 -> 800 | EJ8: =IF(EI8>0,EH8/EI8-1,1) -> -0.08125 | EK8: =Serviceorderfile_Current!$U567*Serviceorderfile_Current!$H567 -> 297 | EL8: =Serviceorderfile_PREVIOUS!$U567*Serviceorderfile_PREVIOUS!$H567 -> 267 | EM8: =IF(EL8>0,EK8/EL8-1,1) -> 0.11235955 | EN8: =Serviceorderfile_Current!$U566*Serviceorderfile_Current!$H566 -> 301 | EO8: =Serviceorderfile_PREVIOUS!$U566*Serviceorderfile_PREVIOUS!$H566 -> 289 | EP8: =IF(EO8>0,EN8/EO8-1,1) -> 0.041522491 | EQ8: =Serviceorderfile_Current!$U568*Serviceorderfile_Current!$H568 -> 182 | ER8: =Serviceorderfile_PREVIOUS!$U568*Serviceorderfile_PREVIOUS!$H568 -> 67 | ES8: =IF(ER8>0,EQ8/ER8-1,1) -> 1.7164179 | ET8: =Serviceorderfile_Current!$U569*Serviceorderfile_Current!$H569 -> 0 | EU8: =Serviceorderfile_PREVIOUS!$U569*Serviceorderfile_PREVIOUS!$H569 -> 0 | EV8: =IF(EU8>0,ET8/EU8-1,1) -> 1 | EX8: =Serviceorderfile_Current!$V563 -> 1 | EY8: =Aged!E88 -> 0.61 | EZ8: =Serviceorderfile_Current!$U567*Serviceorderfile_Current!$H567 -> 297 | FA8: =Serviceorderfile_PREVIOUS!$U567*Serviceorderfile_PREVIOUS!$H567 -> 267 | FB8: =IF(FA8>0,EZ8/FA8-1,1) -> 0.11235955 | FD8: =EZ8+ET8+EQ8+EN8+EK8+EH8 -> 1812 | FE8: =FA8+EU8+ER8+EO8+EL8+EI8 -> 1690 | FF8: =IF(FE8>0,FD8/FE8-1,1) -> 0.072189349
A9: Nigeria | B9: =Serviceorderfile_Current!$W641 -> 4 | C9: =Serviceorderfile_PREVIOUS!$W641 -> 2 | D9: =IF(C9>0,B9/C9-1,1) -> 1 | E9: ='YOY Orders'!$J41 -> 20 | F9: ='YOY Orders'!$B41 -> 43 | G9: =IF(F9>0,E9/F9-1,1) -> -0.53488372 | H9: =Serviceorderfile_Current!$W643 -> 46 | I9: =Serviceorderfile_PREVIOUS!$W643 -> 45 | J9: =IF(I9>0,H9/I9-1,1) -> 0.022222222 | K9: ='YOY Orders'!$K41 -> 3 | L9: ='YOY Orders'!$C41 -> 1 | M9: =IF(L9>0,K9/L9-1,1) -> 2 | N9: =Serviceorderfile_Current!$W642 -> 0 | O9: =Serviceorderfile_PREVIOUS!$W642 -> 0 | P9: =IF(O9>0,N9/O9-1,1) -> 1 | Q9: ='YOY Orders'!$O41 -> 0 | R9: ='YOY Orders'!$G41 -> 0 | S9: =IF(R9>0,Q9/R9-1,1) -> 1 | T9: =Serviceorderfile_Current!$W644 -> 161 | U9: =Serviceorderfile_PREVIOUS!$W644 -> 115 | V9: =IF(U9>0,T9/U9-1,1) -> 0.4 | W9: ='YOY Orders'!$L41 -> 148 | X9: ='YOY Orders'!$D41 -> 120 | Y9: =IF(X9>0,W9/X9-1,1) -> 0.23333333 | Z9: =Serviceorderfile_Current!$W645 -> 0 | AA9: =Serviceorderfile_PREVIOUS!$W645 -> 2 | AB9: =IF(AA9>0,Z9/AA9-1,1) -> -1 | AC9: ='YOY Orders'!$N41 -> 8 | AD9: ='YOY Orders'!$F41 -> 12 | AE9: =IF(AD9>0,AC9/AD9-1,1) -> -0.33333333 | AF9: =Serviceorderfile_Current!$W639 -> 395 | AG9: =Serviceorderfile_PREVIOUS!$W639 -> 23 | AH9: =IF(AG9>0,AF9/AG9-1,1) -> 16.173913 | AI9: ='YOY Orders'!$M41 -> 598 | AJ9: ='YOY Orders'!$E41 -> 266 | AK9: =IF(AJ9>0,AI9/AJ9-1,1) -> 1.2481203 | AL9: =B9+T9+Z9+AF9+N9+H9 -> 606 | AM9: =C9+U9+AA9+AG9+O9+I9 -> 187 | AN9: =IF(AM9>0,AL9/AM9-1,1) -> 2.2406417 | AO9: =E9+W9+AC9+AI9+Q9+K9 -> 777 | AP9: =F9+X9+AD9+AJ9+R9+L9 -> 442 | AQ9: =IF(AP9>0,AO9/AP9-1,1) -> 0.75791855 | AS9: Nigeria | AT9: =Serviceorderfile_Current!$I641*Serviceorderfile_Current!$U641 -> 4 | AU9: =Serviceorderfile_PREVIOUS!$I641*Serviceorderfile_PREVIOUS!$U641 -> 2 | AV9: =IF(AU9>0,AT9/AU9-1,1) -> 1 | AW9: =AT9/B9 -> 1 | AX9: =AU9/C9 -> 1 | AY9: =(AW9-AX9)*100 -> 0 | AZ9: =Serviceorderfile_Current!$I643*Serviceorderfile_Current!$U643 -> 0 | BA9: =Serviceorderfile_PREVIOUS!$I643*Serviceorderfile_PREVIOUS!$U643 -> 0 | BB9: =IF(BA9>0,AZ9/BA9-1,1) -> 1 | BC9: =AZ9/H9 -> 0 | BD9: =BA9/I9 -> 0 | BE9: =(BC9-BD9)*100 -> 0 | BF9: =Serviceorderfile_Current!$I642*Serviceorderfile_Current!$U642 -> 0 | BG9: =Serviceorderfile_PREVIOUS!$I642*Serviceorderfile_PREVIOUS!$U642 -> 0 | BH9: =IF(BG9>0,BF9/BG9-1,1) -> 1 | BI9: =BF9/N9 -> #DIV/0! | BJ9: =BG9/O9 -> #DIV/0! | BK9: =(BI9-BJ9)*100 -> #DIV/0! | BL9: =Serviceorderfile_Current!$I644*Serviceorderfile_Current!$U644 -> 14 | BM9: =Serviceorderfile_PREVIOUS!$I644*Serviceorderfile_PREVIOUS!$U644 -> 12 | BN9: =IF(BM9>0,BL9/BM9-1,1) -> 0.16666667 | BO9: =BL9/T9 -> 0.086956522 | BP9: =BM9/U9 -> 0.10434783 | BQ9: =(BO9-BP9)*100 -> -1.7391304 | BR9: =Serviceorderfile_Current!$I645*Serviceorderfile_Current!$U645 -> 0 | BS9: =Serviceorderfile_PREVIOUS!$I645*Serviceorderfile_PREVIOUS!$U645 -> 0 | BT9: =IF(BS9>0,BR9/BS9-1,1) -> 1 | BU9: =BR9/Z9 -> #DIV/0! | BV9: =BS9/AA9 -> 0 | BW9: =(BU9-BV9)*100 -> #DIV/0! | BX9: =Serviceorderfile_Current!$I639*Serviceorderfile_Current!$U639 -> 43 | BY9: =Serviceorderfile_PREVIOUS!$I639*Serviceorderfile_PREVIOUS!$U639 -> 18 | BZ9: =IF(BY9>0,BX9/BY9-1,1) -> 1.3888889 | CA9: =BX9/AF9 -> 0.10886076 | CB9: =BY9/AG9 -> 0.7826087 | CC9: =(CA9-CB9)*100 -> -67.374794 | CD9: =AT9+BL9+BR9+BX9+BF9 -> 61 | CE9: =AU9+BM9+BS9+BY9+BG9 -> 32 | CF9: =IF(CE9>0,CD9/CE9-1,1) -> 0.90625 | CG9: =CD9/AL9 -> 0.10066007 | CH9: =CE9/AM9 -> 0.17112299 | CI9: =(CG9-CH9)*100 -> -7.0462929 | CK9: Nigeria | CL9: =Serviceorderfile_Current!$J641*Serviceorderfile_Current!$U641 -> 0 | CM9: =Serviceorderfile_PREVIOUS!$J641*Serviceorderfile_PREVIOUS!$U641 -> 0 | CN9: =IF(CM9>0,CL9/CM9-1,1) -> 1 | CO9: =Serviceorderfile_Current!$J643*Serviceorderfile_Current!$U643 -> 3 | CP9: =Serviceorderfile_PREVIOUS!$J643*Serviceorderfile_PREVIOUS!$U643 -> 45 | CQ9: =IF(CP9>0,CO9/CP9-1,1) -> -0.93333333 | CR9: =Serviceorderfile_Current!$J642*Serviceorderfile_Current!$U642 -> 0 | CS9: =Serviceorderfile_PREVIOUS!$J642*Serviceorderfile_PREVIOUS!$U642 -> 0 | CT9: =IF(CS9>0,CR9/CS9-1,1) -> 1 | CU9: =Serviceorderfile_Current!$J644*Serviceorderfile_Current!$U644 -> 34 | CV9: =Serviceorderfile_PREVIOUS!$J644*Serviceorderfile_PREVIOUS!$U644 -> 16 | CW9: =IF(CV9>0,CU9/CV9-1,1) -> 1.125 | CX9: =Serviceorderfile_Current!$J645*Serviceorderfile_Current!$U645 -> 0 | CY9: =Serviceorderfile_PREVIOUS!$J645*Serviceorderfile_PREVIOUS!$U645 -> 0 | CZ9: =IF(CY9>0,CX9/CY9-1,1) -> 1 | DA9: =Serviceorderfile_Current!$J639*Serviceorderfile_Current!$U639 -> 286 | DB9: =Serviceorderfile_PREVIOUS!$J639*Serviceorderfile_PREVIOUS!$U639 -> 5 | DC9: =IF(DB9>0,DA9/DB9-1,1) -> 56.2 | DD9: =CL9+CO9+CR9+CU9+CX9+DA9 -> 323 | DE9: =CM9+CP9+CS9+CV9+CY9+DB9 -> 66 | DF9: =IF(DE9>0,DD9/DE9-1,1) -> 3.8939394 | DH9: Nigeria | DI9: =Serviceorderfile_Current!$K641*Serviceorderfile_Current!$U641 -> 0 | DJ9: =Serviceorderfile_PREVIOUS!$K641*Serviceorderfile_PREVIOUS!$U641 -> 0 | DK9: =IF(DJ9>0,DI9/DJ9-1,1) -> 1 | DL9: =Serviceorderfile_Current!$K643*Serviceorderfile_Current!$U643 -> 43 | DM9: =Serviceorderfile_PREVIOUS!$K643*Serviceorderfile_PREVIOUS!$U643 -> 0 | DN9: =IF(DM9>0,DL9/DM9-1,1) -> 1 | DO9: =Serviceorderfile_Current!$K642*Serviceorderfile_Current!$U642 -> 0 | DP9: =Serviceorderfile_PREVIOUS!$K642*Serviceorderfile_PREVIOUS!$U642 -> 0 | DQ9: =IF(DP9>0,DO9/DP9-1,1) -> 1 | DR9: =Serviceorderfile_Current!$K644*Serviceorderfile_Current!$U644 -> 13 | DS9: =Serviceorderfile_PREVIOUS!$K644*Serviceorderfile_PREVIOUS!$U644 -> 12 | DT9: =IF(DS9>0,DR9/DS9-1,1) -> 0.083333333 | DU9: =Serviceorderfile_Current!$K645*Serviceorderfile_Current!$U645 -> 0 | DV9: =Serviceorderfile_PREVIOUS!$K645*Serviceorderfile_PREVIOUS!$U645 -> 0 | DW9: =IF(DV9>0,DU9/DV9-1,1) -> 1 | DX9: =Serviceorderfile_Current!$K639*Serviceorderfile_Current!$U639 -> 66 | DY9: =Serviceorderfile_PREVIOUS!$K639*Serviceorderfile_PREVIOUS!$U639 -> 0 | DZ9: =IF(DY9>0,DX9/DY9-1,1) -> 1 | EA9: =DI9+DL9+DO9+DR9+DU9+DX9 -> 122 | EB9: =DJ9+DM9+DP9+DS9+DV9+DY9 -> 12 | EC9: =IF(EB9>0,EA9/EB9-1,1) -> 9.1666667 | EE9: Nigeria | EF9: =Serviceorderfile_Current!$V638 -> 1 | EG9: =Aged!E39 -> 1 | EH9: =Serviceorderfile_Current!$U633*Serviceorderfile_Current!$H633 -> 28 | EI9: =Serviceorderfile_PREVIOUS!$U633*Serviceorderfile_PREVIOUS!$H633 -> 51 | EJ9: =IF(EI9>0,EH9/EI9-1,1) -> -0.45098039 | EK9: =Serviceorderfile_Current!$U635*Serviceorderfile_Current!$H635 -> 560 | EL9: =Serviceorderfile_PREVIOUS!$U635*Serviceorderfile_PREVIOUS!$H635 -> 339 | EM9: =IF(EL9>0,EK9/EL9-1,1) -> 0.6519174 | EN9: =Serviceorderfile_Current!$U634*Serviceorderfile_Current!$H634 -> 0 | EO9: =Serviceorderfile_PREVIOUS!$U634*Serviceorderfile_PREVIOUS!$H634 -> 0 | EP9: =IF(EO9>0,EN9/EO9-1,1) -> 1 | EQ9: =Serviceorderfile_Current!$U636*Serviceorderfile_Current!$H636 -> 232 | ER9: =Serviceorderfile_PREVIOUS!$U636*Serviceorderfile_PREVIOUS!$H636 -> 93 | ES9: =IF(ER9>0,EQ9/ER9-1,1) -> 1.4946237 | ET9: =Serviceorderfile_Current!$U637*Serviceorderfile_Current!$H637 -> 6 | EU9: =Serviceorderfile_PREVIOUS!$U637*Serviceorderfile_PREVIOUS!$H637 -> 0 | EV9: =IF(EU9>0,ET9/EU9-1,1) -> 1 | EX9: =Serviceorderfile_Current!$V631 -> 1 | EY9: =Aged!E92 -> 0.89 | EZ9: =Serviceorderfile_Current!$U635*Serviceorderfile_Current!$H635 -> 560 | FA9: =Serviceorderfile_PREVIOUS!$U635*Serviceorderfile_PREVIOUS!$H635 -> 339 | FB9: =IF(FA9>0,EZ9/FA9-1,1) -> 0.6519174 | FD9: =EZ9+ET9+EQ9+EN9+EK9+EH9 -> 1386 | FE9: =FA9+EU9+ER9+EO9+EL9+EI9 -> 822 | FF9: =IF(FE9>0,FD9/FE9-1,1) -> 0.68613139
A10: Oman | B10: =Serviceorderfile_Current!$W658 -> 0 | C10: =Serviceorderfile_PREVIOUS!$W658 -> 0 | D10: =IF(C10>0,B10/C10-1,1) -> 1 | E10: ='YOY Orders'!$J42 -> 2.6943 | F10: ='YOY Orders'!$B42 -> 1.1547 | G10: =IF(F10>0,E10/F10-1,1) -> 1.3333333 | H10: =Serviceorderfile_Current!$W660 -> 5.0037 | I10: =Serviceorderfile_PREVIOUS!$W660 -> 0 | J10: =IF(I10>0,H10/I10-1,1) -> 1 | K10: ='YOY Orders'!$K42 -> 26.1732 | L10: ='YOY Orders'!$C42 -> 13.0866 | M10: =IF(L10>0,K10/L10-1,1) -> 1 | N10: =Serviceorderfile_Current!$W659 -> 34.641 | O10: =Serviceorderfile_PREVIOUS!$W659 -> 33.8712 | P10: =IF(O10>0,N10/O10-1,1) -> 0.022727273 | Q10: ='YOY Orders'!$O42 -> 13.8564 | R10: ='YOY Orders'!$G42 -> 53.1162 | S10: =IF(R10>0,Q10/R10-1,1) -> -0.73913043 | T10: =Serviceorderfile_Current!$W661 -> 1.1547 | U10: =Serviceorderfile_PREVIOUS!$W661 -> 0 | V10: =IF(U10>0,T10/U10-1,1) -> 1 | W10: ='YOY Orders'!$L42 -> 1.1547 | X10: ='YOY Orders'!$D42 -> -0.3849 | Y10: =IF(X10>0,W10/X10-1,1) -> 1 | Z10: =Serviceorderfile_Current!$W662 -> 0.7698 | AA10: =Serviceorderfile_PREVIOUS!$W662 -> 0 | AB10: =IF(AA10>0,Z10/AA10-1,1) -> 1 | AC10: ='YOY Orders'!$N42 -> 0.7698 | AD10: ='YOY Orders'!$F42 -> 0 | AE10: =IF(AD10>0,AC10/AD10-1,1) -> 1 | AF10: =Serviceorderfile_Current!$W656 -> 35.0259 | AG10: =Serviceorderfile_PREVIOUS!$W656 -> 2.3094 | AH10: =IF(AG10>0,AF10/AG10-1,1) -> 14.166667 | AI10: ='YOY Orders'!$M42 -> 36.9504 | AJ10: ='YOY Orders'!$E42 -> 7.3131 | AK10: =IF(AJ10>0,AI10/AJ10-1,1) -> 4.0526316 | AL10: =B10+T10+Z10+AF10+N10+H10 -> 76.5951 | AM10: =C10+U10+AA10+AG10+O10+I10 -> 36.1806 | AN10: =IF(AM10>0,AL10/AM10-1,1) -> 1.1170213 | AO10: =E10+W10+AC10+AI10+Q10+K10 -> 81.5988 | AP10: =F10+X10+AD10+AJ10+R10+L10 -> 74.2857 | AQ10: =IF(AP10>0,AO10/AP10-1,1) -> 0.098445596 | AS10: Oman | AT10: =Serviceorderfile_Current!$I658*Serviceorderfile_Current!$U658 -> 0 | AU10: =Serviceorderfile_PREVIOUS!$I658*Serviceorderfile_PREVIOUS!$U658 -> 0 | AV10: =IF(AU10>0,AT10/AU10-1,1) -> 1 | AW10: =AT10/B10 -> #DIV/0! | AX10: =AU10/C10 -> #DIV/0! | AY10: =(AW10-AX10)*100 -> #DIV/0! | AZ10: =Serviceorderfile_Current!$I660*Serviceorderfile_Current!$U660 -> 0.7698 | BA10: =Serviceorderfile_PREVIOUS!$I660*Serviceorderfile_PREVIOUS!$U660 -> 0 | BB10: =IF(BA10>0,AZ10/BA10-1,1) -> 1 | BC10: =AZ10/H10 -> 0.15384615 | BD10: =BA10/I10 -> #DIV/0! | BE10: =(BC10-BD10)*100 -> #DIV/0! | BF10: =Serviceorderfile_Current!$I659*Serviceorderfile_Current!$U659 -> 5.0037 | BG10: =Serviceorderfile_PREVIOUS!$I659*Serviceorderfile_PREVIOUS!$U659 -> 13.0866 | BH10: =IF(BG10>0,BF10/BG10-1,1) -> -0.61764706 | BI10: =BF10/N10 -> 0.14444444 | BJ10: =BG10/O10 -> 0.38636364 | BK10: =(BI10-BJ10)*100 -> -24.191919 | BL10: =Serviceorderfile_Current!$I661*Serviceorderfile_Current!$U661 -> 1.1547 | BM10: =Serviceorderfile_PREVIOUS!$I661*Serviceorderfile_PREVIOUS!$U661 -> 0 | BN10: =IF(BM10>0,BL10/BM10-1,1) -> 1 | BO10: =BL10/T10 -> 1 | BP10: =BM10/U10 -> #DIV/0! | BQ10: =(BO10-BP10)*100 -> #DIV/0! | BR10: =Serviceorderfile_Current!$I662*Serviceorderfile_Current!$U662 -> 0 | BS10: =Serviceorderfile_PREVIOUS!$I662*Serviceorderfile_PREVIOUS!$U662 -> 0 | BT10: =IF(BS10>0,BR10/BS10-1,1) -> 1 | BU10: =BR10/Z10 -> 0 | BV10: =BS10/AA10 -> #DIV/0! | BW10: =(BU10-BV10)*100 -> #DIV/0! | BX10: =Serviceorderfile_Current!$I656*Serviceorderfile_Current!$U656 -> 11.547 | BY10: =Serviceorderfile_PREVIOUS!$I656*Serviceorderfile_PREVIOUS!$U656 -> 2.3094 | BZ10: =IF(BY10>0,BX10/BY10-1,1) -> 4 | CA10: =BX10/AF10 -> 0.32967033 | CB10: =BY10/AG10 -> 1 | CC10: =(CA10-CB10)*100 -> -67.032967 | CD10: =AT10+BL10+BR10+BX10+BF10 -> 17.7054 | CE10: =AU10+BM10+BS10+BY10+BG10 -> 15.396 | CF10: =IF(CE10>0,CD10/CE10-1,1) -> 0.15 | CG10: =CD10/AL10 -> 0.23115578 | CH10: =CE10/AM10 -> 0.42553191 | CI10: =(CG10-CH10)*100 -> -19.437614 | CK10: Oman | CL10: =Serviceorderfile_Current!$J658*Serviceorderfile_Current!$U658 -> 0 | CM10: =Serviceorderfile_PREVIOUS!$J658*Serviceorderfile_PREVIOUS!$U658 -> 0 | CN10: =IF(CM10>0,CL10/CM10-1,1) -> 1 | CO10: =Serviceorderfile_Current!$J660*Serviceorderfile_Current!$U660 -> 0 | CP10: =Serviceorderfile_PREVIOUS!$J660*Serviceorderfile_PREVIOUS!$U660 -> 0 | CQ10: =IF(CP10>0,CO10/CP10-1,1) -> 1 | CR10: =Serviceorderfile_Current!$J659*Serviceorderfile_Current!$U659 -> 3.849 | CS10: =Serviceorderfile_PREVIOUS!$J659*Serviceorderfile_PREVIOUS!$U659 -> 6.5433 | CT10: =IF(CS10>0,CR10/CS10-1,1) -> -0.41176471 | CU10: =Serviceorderfile_Current!$J661*Serviceorderfile_Current!$U661 -> 0 | CV10: =Serviceorderfile_PREVIOUS!$J661*Serviceorderfile_PREVIOUS!$U661 -> 0 | CW10: =IF(CV10>0,CU10/CV10-1,1) -> 1 | CX10: =Serviceorderfile_Current!$J662*Serviceorderfile_Current!$U662 -> 0 | CY10: =Serviceorderfile_PREVIOUS!$J662*Serviceorderfile_PREVIOUS!$U662 -> 0 | CZ10: =IF(CY10>0,CX10/CY10-1,1) -> 1 | DA10: =Serviceorderfile_Current!$J656*Serviceorderfile_Current!$U656 -> 11.547 | DB10: =Serviceorderfile_PREVIOUS!$J656*Serviceorderfile_PREVIOUS!$U656 -> 0 | DC10: =IF(DB10>0,DA10/DB10-1,1) -> 1 | DD10: =CL10+CO10+CR10+CU10+CX10+DA10 -> 15.396 | DE10: =CM10+CP10+CS10+CV10+CY10+DB10 -> 6.5433 | DF10: =IF(DE10>0,DD10/DE10-1,1) -> 1.3529412 | DH10: Oman | DI10: =Serviceorderfile_Current!$K658*Serviceorderfile_Current!$U658 -> 0 | DJ10: =Serviceorderfile_PREVIOUS!$K658*Serviceorderfile_PREVIOUS!$U658 -> 0 | DK10: =IF(DJ10>0,DI10/DJ10-1,1) -> 1 | DL10: =Serviceorderfile_Current!$K660*Serviceorderfile_Current!$U660 -> 3.849 | DM10: =Serviceorderfile_PREVIOUS!$K660*Serviceorderfile_PREVIOUS!$U660 -> 0 | DN10: =IF(DM10>0,DL10/DM10-1,1) -> 1 | DO10: =Serviceorderfile_Current!$K659*Serviceorderfile_Current!$U659 -> 2.6943 | DP10: =Serviceorderfile_PREVIOUS!$K659*Serviceorderfile_PREVIOUS!$U659 -> 3.0792 | DQ10: =IF(DP10>0,DO10/DP10-1,1) -> -0.125 | DR10: =Serviceorderfile_Current!$K661*Serviceorderfile_Current!$U661 -> 0 | DS10: =Serviceorderfile_PREVIOUS!$K661*Serviceorderfile_PREVIOUS!$U661 -> 0 | DT10: =IF(DS10>0,DR10/DS10-1,1) -> 1 | DU10: =Serviceorderfile_Current!$K662*Serviceorderfile_Current!$U662 -> 0 | DV10: =Serviceorderfile_PREVIOUS!$K662*Serviceorderfile_PREVIOUS!$U662 -> 0 | DW10: =IF(DV10>0,DU10/DV10-1,1) -> 1 | DX10: =Serviceorderfile_Current!$K656*Serviceorderfile_Current!$U656 -> 0 | DY10: =Serviceorderfile_PREVIOUS!$K656*Serviceorderfile_PREVIOUS!$U656 -> 0 | DZ10: =IF(DY10>0,DX10/DY10-1,1) -> 1 | EA10: =DI10+DL10+DO10+DR10+DU10+DX10 -> 6.5433 | EB10: =DJ10+DM10+DP10+DS10+DV10+DY10 -> 3.0792 | EC10: =IF(EB10>0,EA10/EB10-1,1) -> 1.125 | EE10: Oman | EF10: =Serviceorderfile_Current!$V655 -> 0.97965116 | EG10: =Aged!E40 -> 0.99 | EH10: =Serviceorderfile_Current!$U650*Serviceorderfile_Current!$H650 -> 20.3997 | EI10: =Serviceorderfile_PREVIOUS!$U616*Serviceorderfile_PREVIOUS!$H616 -> 203 | EJ10: =IF(EI10>0,EH10/EI10-1,1) -> -0.89950887 | EK10: =Serviceorderfile_Current!$U652*Serviceorderfile_Current!$H652 -> 27.7128 | EL10: =Serviceorderfile_PREVIOUS!$U618*Serviceorderfile_PREVIOUS!$H618 -> 2348 | EM10: =IF(EL10>0,EK10/EL10-1,1) -> -0.98819727 | EN10: =Serviceorderfile_Current!$U651*Serviceorderfile_Current!$H651 -> 84.2931 | EO10: =Serviceorderfile_PREVIOUS!$U651*Serviceorderfile_PREVIOUS!$H651 -> 0 | EP10: =IF(EO10>0,EN10/EO10-1,1) -> 1 | EQ10: =Serviceorderfile_Current!$U653*Serviceorderfile_Current!$H653 -> 0 | ER10: =Serviceorderfile_PREVIOUS!$U653*Serviceorderfile_PREVIOUS!$H653 -> 4.6188 | ES10: =IF(ER10>0,EQ10/ER10-1,1) -> -1 | ET10: =Serviceorderfile_Current!$U654*Serviceorderfile_Current!$H654 -> 0 | EU10: =Serviceorderfile_PREVIOUS!$U654*Serviceorderfile_PREVIOUS!$H654 -> 0 | EV10: =IF(EU10>0,ET10/EU10-1,1) -> 1 | EX10: =Serviceorderfile_Current!$V648 -> 0 | EY10: =Aged!E93 -> 0 | EZ10: =Serviceorderfile_Current!$U652*Serviceorderfile_Current!$H652 -> 27.7128 | FA10: =Serviceorderfile_PREVIOUS!$U652*Serviceorderfile_PREVIOUS!$H652 -> 40.0296 | FB10: =IF(FA10>0,EZ10/FA10-1,1) -> -0.30769231 | FD10: =EZ10+ET10+EQ10+EN10+EK10+EH10 -> 160.1184 | FE10: =FA10+EU10+ER10+EO10+EL10+EI10 -> 2595.6484 | FF10: =IF(FE10>0,FD10/FE10-1,1) -> -0.93831275
A11: Morroco | B11: =Serviceorderfile_Current!$W624 -> 333 | C11: =Serviceorderfile_PREVIOUS!$W624 -> 70 | D11: =IF(C11>0,B11/C11-1,1) -> 3.7571429 | E11: ='YOY Orders'!$J45 -> 679 | F11: ='YOY Orders'!$B45 -> 412 | G11: =IF(F11>0,E11/F11-1,1) -> 0.64805825 | H11: =Serviceorderfile_Current!$W626 -> 902 | I11: =Serviceorderfile_PREVIOUS!$W626 -> 279 | J11: =IF(I11>0,H11/I11-1,1) -> 2.2329749 | K11: ='YOY Orders'!$K45 -> 1804 | L11: ='YOY Orders'!$C45 -> 533 | M11: =IF(L11>0,K11/L11-1,1) -> 2.3846154 | N11: =Serviceorderfile_Current!$W625 -> 283 | O11: =Serviceorderfile_PREVIOUS!$W625 -> 155 | P11: =IF(O11>0,N11/O11-1,1) -> 0.82580645 | Q11: ='YOY Orders'!$O45 -> 1141 | R11: ='YOY Orders'!$G45 -> 155 | S11: =IF(R11>0,Q11/R11-1,1) -> 6.3612903 | T11: =Serviceorderfile_Current!$W627 -> 780 | U11: =Serviceorderfile_PREVIOUS!$W627 -> 278 | V11: =IF(U11>0,T11/U11-1,1) -> 1.8057554 | W11: ='YOY Orders'!$L45 -> 549 | X11: ='YOY Orders'!$D45 -> 125 | Y11: =IF(X11>0,W11/X11-1,1) -> 3.392 | Z11: =Serviceorderfile_Current!$W628 -> 297 | AA11: =Serviceorderfile_PREVIOUS!$W628 -> 217 | AB11: =IF(AA11>0,Z11/AA11-1,1) -> 0.36866359 | AC11: ='YOY Orders'!$N45 -> 811 | AD11: ='YOY Orders'!$F45 -> 1683 | AE11: =IF(AD11>0,AC11/AD11-1,1) -> -0.5181224 | AF11: =Serviceorderfile_Current!$W622 -> 109 | AG11: =Serviceorderfile_PREVIOUS!$W622 -> 303 | AH11: =IF(AG11>0,AF11/AG11-1,1) -> -0.64026403 | AI11: ='YOY Orders'!$M45 -> 1711 | AJ11: ='YOY Orders'!$E45 -> 1907 | AK11: =IF(AJ11>0,AI11/AJ11-1,1) -> -0.10277923 | AL11: =B11+T11+Z11+AF11+N11+H11 -> 2704 | AM11: =C11+U11+AA11+AG11+O11+I11 -> 1302 | AN11: =IF(AM11>0,AL11/AM11-1,1) -> 1.0768049 | AO11: =E11+W11+AC11+AI11+Q11+K11 -> 6695 | AP11: =F11+X11+AD11+AJ11+R11+L11 -> 4815 | AQ11: =IF(AP11>0,AO11/AP11-1,1) -> 0.39044652 | AS11: Morroco | AT11: =Serviceorderfile_Current!$I624*Serviceorderfile_Current!$U624 -> 213 | AU11: =Serviceorderfile_PREVIOUS!$I624*Serviceorderfile_PREVIOUS!$U624 -> 70 | AV11: =IF(AU11>0,AT11/AU11-1,1) -> 2.0428571 | AW11: =AT11/B11 -> 0.63963964 | AX11: =AU11/C11 -> 1 | AY11: =(AW11-AX11)*100 -> -36.036036 | AZ11: =Serviceorderfile_Current!$I626*Serviceorderfile_Current!$U626 -> 902 | BA11: =Serviceorderfile_PREVIOUS!$I626*Serviceorderfile_PREVIOUS!$U626 -> 279 | BB11: =IF(BA11>0,AZ11/BA11-1,1) -> 2.2329749 | BC11: =AZ11/H11 -> 1 | BD11: =BA11/I11 -> 1 | BE11: =(BC11-BD11)*100 -> 0 | BF11: =Serviceorderfile_Current!$I625*Serviceorderfile_Current!$U625 -> 83 | BG11: =Serviceorderfile_PREVIOUS!$I625*Serviceorderfile_PREVIOUS!$U625 -> 55 | BH11: =IF(BG11>0,BF11/BG11-1,1) -> 0.50909091 | BI11: =BF11/N11 -> 0.29328622 | BJ11: =BG11/O11 -> 0.35483871 | BK11: =(BI11-BJ11)*100 -> -6.1552491 | BL11: =Serviceorderfile_Current!$I627*Serviceorderfile_Current!$U627 -> 288 | BM11: =Serviceorderfile_PREVIOUS!$I627*Serviceorderfile_PREVIOUS!$U627 -> 45 | BN11: =IF(BM11>0,BL11/BM11-1,1) -> 5.4 | BO11: =BL11/T11 -> 0.36923077 | BP11: =BM11/U11 -> 0.1618705 | BQ11: =(BO11-BP11)*100 -> 20.736027 | BR11: =Serviceorderfile_Current!$I628*Serviceorderfile_Current!$U628 -> 297 | BS11: =Serviceorderfile_PREVIOUS!$I628*Serviceorderfile_PREVIOUS!$U628 -> 217 | BT11: =IF(BS11>0,BR11/BS11-1,1) -> 0.36866359 | BU11: =BR11/Z11 -> 1 | BV11: =BS11/AA11 -> 1 | BW11: =(BU11-BV11)*100 -> 0 | BX11: =Serviceorderfile_Current!$I622*Serviceorderfile_Current!$U622 -> 109 | BY11: =Serviceorderfile_PREVIOUS!$I622*Serviceorderfile_PREVIOUS!$U622 -> 303 | BZ11: =IF(BY11>0,BX11/BY11-1,1) -> -0.64026403 | CA11: =BX11/AF11 -> 1 | CB11: =BY11/AG11 -> 1 | CC11: =(CA11-CB11)*100 -> 0 | CD11: =AT11+BL11+BR11+BX11+BF11 -> 990 | CE11: =AU11+BM11+BS11+BY11+BG11 -> 690 | CF11: =IF(CE11>0,CD11/CE11-1,1) -> 0.43478261 | CG11: =CD11/AL11 -> 0.36612426 | CH11: =CE11/AM11 -> 0.52995392 | CI11: =(CG11-CH11)*100 -> -16.382966 | CK11: Morroco | CL11: =Serviceorderfile_Current!$J624*Serviceorderfile_Current!$U624 -> 120 | CM11: =Serviceorderfile_PREVIOUS!$J624*Serviceorderfile_PREVIOUS!$U624 -> 0 | CN11: =IF(CM11>0,CL11/CM11-1,1) -> 1 | CO11: =Serviceorderfile_Current!$J626*Serviceorderfile_Current!$U626 -> 0 | CP11: =Serviceorderfile_PREVIOUS!$J626*Serviceorderfile_PREVIOUS!$U626 -> 0 | CQ11: =IF(CP11>0,CO11/CP11-1,1) -> 1 | CR11: =Serviceorderfile_Current!$J625*Serviceorderfile_Current!$U625 -> 20 | CS11: =Serviceorderfile_PREVIOUS!$J625*Serviceorderfile_PREVIOUS!$U625 -> 50 | CT11: =IF(CS11>0,CR11/CS11-1,1) -> -0.6 | CU11: =Serviceorderfile_Current!$J627*Serviceorderfile_Current!$U627 -> 148 | CV11: =Serviceorderfile_PREVIOUS!$J627*Serviceorderfile_PREVIOUS!$U627 -> 45 | CW11: =IF(CV11>0,CU11/CV11-1,1) -> 2.2888889 | CX11: =Serviceorderfile_Current!$J628*Serviceorderfile_Current!$U628 -> 0 | CY11: =Serviceorderfile_PREVIOUS!$J628*Serviceorderfile_PREVIOUS!$U628 -> 0 | CZ11: =IF(CY11>0,CX11/CY11-1,1) -> 1 | DA11: =Serviceorderfile_Current!$J622*Serviceorderfile_Current!$U622 -> 0 | DB11: =Serviceorderfile_PREVIOUS!$J622*Serviceorderfile_PREVIOUS!$U622 -> 0 | DC11: =IF(DB11>0,DA11/DB11-1,1) -> 1 | DD11: =CL11+CO11+CR11+CU11+CX11+DA11 -> 288 | DE11: =CM11+CP11+CS11+CV11+CY11+DB11 -> 95 | DF11: =IF(DE11>0,DD11/DE11-1,1) -> 2.0315789 | DH11: Morroco | DI11: =Serviceorderfile_Current!$K624*Serviceorderfile_Current!$U624 -> 0 | DJ11: =Serviceorderfile_PREVIOUS!$K624*Serviceorderfile_PREVIOUS!$U624 -> 0 | DK11: =IF(DJ11>0,DI11/DJ11-1,1) -> 1 | DL11: =Serviceorderfile_Current!$K626*Serviceorderfile_Current!$U626 -> 0 | DM11: =Serviceorderfile_PREVIOUS!$K626*Serviceorderfile_PREVIOUS!$U626 -> 0 | DN11: =IF(DM11>0,DL11/DM11-1,1) -> 1 | DO11: =Serviceorderfile_Current!$K625*Serviceorderfile_Current!$U625 -> 20 | DP11: =Serviceorderfile_PREVIOUS!$K625*Serviceorderfile_PREVIOUS!$U625 -> 50 | DQ11: =IF(DP11>0,DO11/DP11-1,1) -> -0.6 | DR11: =Serviceorderfile_Current!$K627*Serviceorderfile_Current!$U627 -> 106 | DS11: =Serviceorderfile_PREVIOUS!$K627*Serviceorderfile_PREVIOUS!$U627 -> 45 | DT11: =IF(DS11>0,DR11/DS11-1,1) -> 1.3555556 | DU11: =Serviceorderfile_Current!$K628*Serviceorderfile_Current!$U628 -> 0 | DV11: =Serviceorderfile_PREVIOUS!$K628*Serviceorderfile_PREVIOUS!$U628 -> 0 | DW11: =IF(DV11>0,DU11/DV11-1,1) -> 1 | DX11: =Serviceorderfile_Current!$K622*Serviceorderfile_Current!$U622 -> 0 | DY11: =Serviceorderfile_PREVIOUS!$K622*Serviceorderfile_PREVIOUS!$U622 -> 0 | DZ11: =IF(DY11>0,DX11/DY11-1,1) -> 1 | EA11: =DI11+DL11+DO11+DR11+DU11+DX11 -> 126 | EB11: =DJ11+DM11+DP11+DS11+DV11+DY11 -> 95 | EC11: =IF(EB11>0,EA11/EB11-1,1) -> 0.32631579 | EE11: Morroco | EF11: =Serviceorderfile_Current!V621 -> 1 | EG11: =Aged!E38 -> 0.98 | EH11: =Serviceorderfile_Current!$U616*Serviceorderfile_Current!$H616 -> 1280 | EI11: =Serviceorderfile_PREVIOUS!$U651*Serviceorderfile_PREVIOUS!$H651 -> 0 | EJ11: =IF(EI11>0,EH11/EI11-1,1) -> 1 | EK11: =Serviceorderfile_Current!$U618*Serviceorderfile_Current!$H618 -> 2517 | EL11: =Serviceorderfile_PREVIOUS!$U653*Serviceorderfile_PREVIOUS!$H653 -> 4.6188 | EM11: =IF(EL11>0,EK11/EL11-1,1) -> 543.94674 | EN11: =Serviceorderfile_Current!$U617*Serviceorderfile_Current!$H617 -> 4307 | EO11: =Serviceorderfile_PREVIOUS!$U617*Serviceorderfile_PREVIOUS!$H617 -> 1452 | EP11: =IF(EO11>0,EN11/EO11-1,1) -> 1.9662534 | EQ11: =Serviceorderfile_Current!$U619*Serviceorderfile_Current!$H619 -> 970 | ER11: =Serviceorderfile_PREVIOUS!$U619*Serviceorderfile_PREVIOUS!$H619 -> 1939 | ES11: =IF(ER11>0,EQ11/ER11-1,1) -> -0.49974214 | ET11: =Serviceorderfile_Current!$U620*Serviceorderfile_Current!$H620 -> 24 | EU11: 0 | EV11: =IF(EU11>0,ET11/EU11-1,1) -> 1 | EX11: =Serviceorderfile_Current!$V649 -> 0 | EY11: =Aged!E91 -> 0.63 | EZ11: =Serviceorderfile_Current!$U618*Serviceorderfile_Current!$H618 -> 2517 | FA11: =Serviceorderfile_PREVIOUS!$U618*Serviceorderfile_PREVIOUS!$H618 -> 2348 | FB11: =IF(FA11>0,EZ11/FA11-1,1) -> 0.07197615 | FD11: =EZ11+ET11+EQ11+EN11+EK11+EH11 -> 11615 | FE11: =FA11+EU11+ER11+EO11+EL11+EI11 -> 5743.6188 | FF11: =IF(FE11>0,FD11/FE11-1,1) -> 1.0222442
A12: Egypt_CAE | B12: =Serviceorderfile_Current!$W488 -> 134.274 | C12: =Serviceorderfile_PREVIOUS!$W488 -> 129.381 | D12: =IF(C12>0,B12/C12-1,1) -> 0.037818536 | E12: ='YOY Orders'!$J8 -> 49.707 | F12: ='YOY Orders'!$B8 -> 182.07 | G12: =IF(F12>0,E12/F12-1,1) -> -0.72698962 | H12: =Serviceorderfile_Current!$W490 -> 76.083 | I12: =Serviceorderfile_PREVIOUS!$W490 -> 77.196 | J12: =IF(I12>0,H12/I12-1,1) -> -0.014417845 | K12: ='YOY Orders'!$K8 -> 73.332 | L12: ='YOY Orders'!$C8 -> 40.152 | M12: =IF(L12>0,K12/L12-1,1) -> 0.82635983 | N12: =Serviceorderfile_Current!$W489 -> 0 | O12: =Serviceorderfile_PREVIOUS!$W489 -> 0 | P12: =IF(O12>0,N12/O12-1,1) -> 1 | Q12: ='YOY Orders'!$O8 -> 0 | R12: ='YOY Orders'!$G8 -> 0 | S12: =IF(R12>0,Q12/R12-1,1) -> 1 | T12: =Serviceorderfile_Current!$W491 -> 28.329 | U12: =Serviceorderfile_PREVIOUS!$W491 -> 33.327 | V12: =IF(U12>0,T12/U12-1,1) -> -0.14996849 | W12: ='YOY Orders'!$L8 -> 13.566 | X12: ='YOY Orders'!$D8 -> 16.359 | Y12: =IF(X12>0,W12/X12-1,1) -> -0.17073171 | Z12: =Serviceorderfile_Current!$W492 -> 0 | AA12: =Serviceorderfile_PREVIOUS!$W492 -> 0 | AB12: =IF(AA12>0,Z12/AA12-1,1) -> 1 | AC12: ='YOY Orders'!$N8 -> 0 | AD12: ='YOY Orders'!$F8 -> 0 | AE12: =IF(AD12>0,AC12/AD12-1,1) -> 1 | AF12: =Serviceorderfile_Current!$W486 -> 0 | AG12: =Serviceorderfile_PREVIOUS!$W486 -> 0 | AH12: =IF(AG12>0,AF12/AG12-1,1) -> 1 | AI12: ='YOY Orders'!$M8 -> 0 | AJ12: ='YOY Orders'!$E8 -> 0 | AK12: =IF(AJ12>0,AI12/AJ12-1,1) -> 1 | AL12: =B12+T12+Z12+AF12+N12+H12 -> 238.686 | AM12: =C12+U12+AA12+AG12+O12+I12 -> 239.904 | AN12: =IF(AM12>0,AL12/AM12-1,1) -> -0.0050770308 | AO12: =E12+W12+AC12+AI12+Q12+K12 -> 136.605 | AP12: =F12+X12+AD12+AJ12+R12+L12 -> 238.581 | AQ12: =IF(AP12>0,AO12/AP12-1,1) -> -0.42742716 | AS12: Egypt_CAE | AT12: =Serviceorderfile_Current!$I488*Serviceorderfile_Current!$U488 -> 8.946 | AU12: =Serviceorderfile_PREVIOUS!$I488*Serviceorderfile_PREVIOUS!$U488 -> 88.494 | AV12: =IF(AU12>0,AT12/AU12-1,1) -> -0.8989084 | AW12: =AT12/B12 -> 0.066624961 | AX12: =AU12/C12 -> 0.68397987 | AY12: =(AW12-AX12)*100 -> -61.735491 | AZ12: =Serviceorderfile_Current!$I490*Serviceorderfile_Current!$U490 -> 0 | BA12: =Serviceorderfile_PREVIOUS!$I490*Serviceorderfile_PREVIOUS!$U490 -> 63.945 | BB12: =IF(BA12>0,AZ12/BA12-1,1) -> -1 | BC12: =AZ12/H12 -> 0 | BD12: =BA12/I12 -> 0.82834603 | BE12: =(BC12-BD12)*100 -> -82.834603 | BF12: =Serviceorderfile_Current!$I489*Serviceorderfile_Current!$U489 -> 0 | BG12: =Serviceorderfile_PREVIOUS!$I489*Serviceorderfile_PREVIOUS!$U489 -> 0 | BH12: =IF(BG12>0,BF12/BG12-1,1) -> 1 | BI12: =BF12/N12 -> #DIV/0! | BJ12: =BG12/O12 -> #DIV/0! | BK12: =(BI12-BJ12)*100 -> #DIV/0! | BL12: =Serviceorderfile_Current!$I491*Serviceorderfile_Current!$U491 -> 7.224 | BM12: =Serviceorderfile_PREVIOUS!$I491*Serviceorderfile_PREVIOUS!$U491 -> 5.355 | BN12: =IF(BM12>0,BL12/BM12-1,1) -> 0.34901961 | BO12: =BL12/T12 -> 0.25500371 | BP12: =BM12/U12 -> 0.16068053 | BQ12: =(BO12-BP12)*100 -> 9.4323177 | BR12: =Serviceorderfile_Current!$I492*Serviceorderfile_Current!$U492 -> 0 | BS12: =Serviceorderfile_PREVIOUS!$I492*Serviceorderfile_PREVIOUS!$U492 -> 0 | BT12: =IF(BS12>0,BR12/BS12-1,1) -> 1 | BU12: =BR12/Z12 -> #DIV/0! | BV12: =BS12/AA12 -> #DIV/0! | BW12: =(BU12-BV12)*100 -> #DIV/0! | BX12: =Serviceorderfile_Current!$I486*Serviceorderfile_Current!$U486 -> 0 | BY12: =Serviceorderfile_PREVIOUS!$I486*Serviceorderfile_PREVIOUS!$U486 -> 0 | BZ12: =IF(BY12>0,BX12/BY12-1,1) -> 1 | CA12: =BX12/AF12 -> #DIV/0! | CB12: =BY12/AG12 -> #DIV/0! | CC12: =(CA12-CB12)*100 -> #DIV/0! | CD12: =AT12+BL12+BR12+BX12+BF12 -> 16.17 | CE12: =AU12+BM12+BS12+BY12+BG12 -> 93.849 | CF12: =IF(CE12>0,CD12/CE12-1,1) -> -0.82770195 | CG12: =CD12/AL12 -> 0.067745909 | CH12: =CE12/AM12 -> 0.39119398 | CI12: =(CG12-CH12)*100 -> -32.344807 | CK12: Egypt_CAE | CL12: =Serviceorderfile_Current!$J488*Serviceorderfile_Current!$U488 -> 0 | CM12: =Serviceorderfile_PREVIOUS!$J488*Serviceorderfile_PREVIOUS!$U488 -> 40.278 | CN12: =IF(CM12>0,CL12/CM12-1,1) -> -1 | CO12: =Serviceorderfile_Current!$J490*Serviceorderfile_Current!$U490 -> 0 | CP12: =Serviceorderfile_PREVIOUS!$J490*Serviceorderfile_PREVIOUS!$U490 -> 0 | CQ12: =IF(CP12>0,CO12/CP12-1,1) -> 1 | CR12: =Serviceorderfile_Current!$J489*Serviceorderfile_Current!$U489 -> 0 | CS12: =Serviceorderfile_PREVIOUS!$J489*Serviceorderfile_PREVIOUS!$U489 -> 0 | CT12: =IF(CS12>0,CR12/CS12-1,1) -> 1 | CU12: =Serviceorderfile_Current!$J491*Serviceorderfile_Current!$U491 -> 0 | CV12: =Serviceorderfile_PREVIOUS!$J491*Serviceorderfile_PREVIOUS!$U491 -> 5.754 | CW12: =IF(CV12>0,CU12/CV12-1,1) -> -1 | CX12: =Serviceorderfile_Current!$J492*Serviceorderfile_Current!$U492 -> 0 | CY12: =Serviceorderfile_PREVIOUS!$J492*Serviceorderfile_PREVIOUS!$U492 -> 0 | CZ12: =IF(CY12>0,CX12/CY12-1,1) -> 1 | DA12: =Serviceorderfile_Current!$J486*Serviceorderfile_Current!$U486 -> 0 | DB12: =Serviceorderfile_PREVIOUS!$J486*Serviceorderfile_PREVIOUS!$U486 -> 0 | DC12: =IF(DB12>0,DA12/DB12-1,1) -> 1 | DD12: =CL12+CO12+CR12+CU12+CX12+DA12 -> 0 | DE12: =CM12+CP12+CS12+CV12+CY12+DB12 -> 46.032 | DF12: =IF(DE12>0,DD12/DE12-1,1) -> -1 | DH12: Egypt_CAE | DI12: =Serviceorderfile_Current!$K488*Serviceorderfile_Current!$U488 -> 0 | DJ12: =Serviceorderfile_PREVIOUS!$K488*Serviceorderfile_PREVIOUS!$U488 -> 0 | DK12: =IF(DJ12>0,DI12/DJ12-1,1) -> 1 | DL12: =Serviceorderfile_Current!$K490*Serviceorderfile_Current!$U490 -> 0 | DM12: =Serviceorderfile_PREVIOUS!$K490*Serviceorderfile_PREVIOUS!$U490 -> 13.251 | DN12: =IF(DM12>0,DL12/DM12-1,1) -> -1 | DO12: =Serviceorderfile_Current!$K489*Serviceorderfile_Current!$U489 -> 0 | DP12: =Serviceorderfile_PREVIOUS!$K489*Serviceorderfile_PREVIOUS!$U489 -> 0 | DQ12: =IF(DP12>0,DO12/DP12-1,1) -> 1 | DR12: =Serviceorderfile_Current!$K491*Serviceorderfile_Current!$U491 -> 0.21 | DS12: =Serviceorderfile_PREVIOUS!$K491*Serviceorderfile_PREVIOUS!$U491 -> 1.281 | DT12: =IF(DS12>0,DR12/DS12-1,1) -> -0.83606557 | DU12: =Serviceorderfile_Current!$K492*Serviceorderfile_Current!$U492 -> 0 | DV12: =Serviceorderfile_PREVIOUS!$K492*Serviceorderfile_PREVIOUS!$U492 -> 0 | DW12: =IF(DV12>0,DU12/DV12-1,1) -> 1 | DX12: =Serviceorderfile_Current!$K486*Serviceorderfile_Current!$U486 -> 0 | DY12: =Serviceorderfile_PREVIOUS!$K486*Serviceorderfile_PREVIOUS!$U486 -> 0 | DZ12: =IF(DY12>0,DX12/DY12-1,1) -> 1 | EA12: =DI12+DL12+DO12+DR12+DU12+DX12 -> 0.21 | EB12: =DJ12+DM12+DP12+DS12+DV12+DY12 -> 14.532 | EC12: =IF(EB12>0,EA12/EB12-1,1) -> -0.98554913 | EE12: Egypt_CAE | EF12: =Serviceorderfile_Current!$V485 -> 1 | EG12: =Aged!E30 -> 0.99 | EH12: =Serviceorderfile_Current!$U480*Serviceorderfile_Current!$H480 -> 66.255 | EI12: =Serviceorderfile_PREVIOUS!$U480*Serviceorderfile_PREVIOUS!$H480 -> 238.56 | EJ12: =IF(EI12>0,EH12/EI12-1,1) -> -0.72227113 | EK12: =Serviceorderfile_Current!$U482*Serviceorderfile_Current!$H482 -> 0 | EL12: =Serviceorderfile_PREVIOUS!$U482*Serviceorderfile_PREVIOUS!$H482 -> 291.732 | EM12: =IF(EL12>0,EK12/EL12-1,1) -> -1 | EN12: =Serviceorderfile_Current!$U481*Serviceorderfile_Current!$H481 -> 0 | EO12: =Serviceorderfile_PREVIOUS!$U481*Serviceorderfile_PREVIOUS!$H481 -> 0 | EP12: =IF(EO12>0,EN12/EO12-1,1) -> 1 | EQ12: =Serviceorderfile_Current!$U483*Serviceorderfile_Current!$H483 -> 83.475 | ER12: =Serviceorderfile_PREVIOUS!$U483*Serviceorderfile_PREVIOUS!$H483 -> 0 | ES12: =IF(ER12>0,EQ12/ER12-1,1) -> 1 | ET12: =Serviceorderfile_Current!$U484*Serviceorderfile_Current!$H484 -> 0 | EU12: =Serviceorderfile_PREVIOUS!$U484*Serviceorderfile_PREVIOUS!$H484 -> 0 | EV12: =IF(EU12>0,ET12/EU12-1,1) -> 1 | EX12: =Serviceorderfile_Current!$V478 -> 1 | EY12: =Aged!E83 -> 0 | EZ12: =Serviceorderfile_Current!$U482*Serviceorderfile_Current!$H482 -> 0 | FA12: =Serviceorderfile_PREVIOUS!$U482*Serviceorderfile_PREVIOUS!$H482 -> 291.732 | FB12: =IF(FA12>0,EZ12/FA12-1,1) -> -1 | FD12: =EZ12+ET12+EQ12+EN12+EK12+EH12 -> 149.73 | FE12: =FA12+EU12+ER12+EO12+EL12+EI12 -> 822.024 | FF12: =IF(FE12>0,FD12/FE12-1,1) -> -0.81785203
A13: Egypt_CAI | B13: =Serviceorderfile_Current!$W505 -> 1301.034 | C13: =Serviceorderfile_PREVIOUS!$W505 -> 1078.434 | D13: =IF(C13>0,B13/C13-1,1) -> 0.20641041 | E13: ='YOY Orders'!$J39 -> 408.849 | F13: ='YOY Orders'!$B39 -> 559.125 | G13: =IF(F13>0,E13/F13-1,1) -> -0.26876995 | H13: =Serviceorderfile_Current!$W507 -> 1597.428 | I13: =Serviceorderfile_PREVIOUS!$W507 -> 1703.751 | J13: =IF(I13>0,H13/I13-1,1) -> -0.062405246 | K13: ='YOY Orders'!$K39 -> -871.962 | L13: ='YOY Orders'!$C39 -> 613.998 | M13: =IF(L13>0,K13/L13-1,1) -> -2.4201382 | N13: =Serviceorderfile_Current!$W506 -> 212.415 | O13: =Serviceorderfile_PREVIOUS!$W506 -> 322.14 | P13: =IF(O13>0,N13/O13-1,1) -> -0.34061278 | Q13: ='YOY Orders'!$O39 -> 251.811 | R13: ='YOY Orders'!$G39 -> 595.098 | S13: =IF(R13>0,Q13/R13-1,1) -> -0.57685793 | T13: =Serviceorderfile_Current!$W508 -> 91.959 | U13: =Serviceorderfile_PREVIOUS!$W508 -> 156.828 | V13: =IF(U13>0,T13/U13-1,1) -> -0.41363149 | W13: ='YOY Orders'!$L39 -> 132.993 | X13: ='YOY Orders'!$D39 -> 196.476 | Y13: =IF(X13>0,W13/X13-1,1) -> -0.32310817 | Z13: =Serviceorderfile_Current!$W509 -> 0 | AA13: =Serviceorderfile_PREVIOUS!$W509 -> 0 | AB13: =IF(AA13>0,Z13/AA13-1,1) -> 1 | AC13: ='YOY Orders'!$N39 -> 0 | AD13: ='YOY Orders'!$F39 -> 0 | AE13: =IF(AD13>0,AC13/AD13-1,1) -> 1 | AF13: =Serviceorderfile_Current!$W503 -> 42.777 | AG13: =Serviceorderfile_PREVIOUS!$W503 -> 64.806 | AH13: =IF(AG13>0,AF13/AG13-1,1) -> -0.33992223 | AI13: ='YOY Orders'!$M39 -> 45.486 | AJ13: ='YOY Orders'!$E39 -> 55.608 | AK13: =IF(AJ13>0,AI13/AJ13-1,1) -> -0.18202417 | AL13: =B13+T13+Z13+AF13+N13+H13 -> 3245.613 | AM13: =C13+U13+AA13+AG13+O13+I13 -> 3325.959 | AN13: =IF(AM13>0,AL13/AM13-1,1) -> -0.024157243 | AO13: =E13+W13+AC13+AI13+Q13+K13 -> -32.823 | AP13: =F13+X13+AD13+AJ13+R13+L13 -> 2020.305 | AQ13: =IF(AP13>0,AO13/AP13-1,1) -> -1.0162466 | AS13: Egypt_CAI | AT13: =Serviceorderfile_Current!$I505*Serviceorderfile_Current!$U505 -> 170.961 | AU13: =Serviceorderfile_PREVIOUS!$I505*Serviceorderfile_PREVIOUS!$U505 -> 243.558 | AV13: =IF(AU13>0,AT13/AU13-1,1) -> -0.29806863 | AW13: =AT13/B13 -> 0.13140394 | AX13: =AU13/C13 -> 0.22584414 | AY13: =(AW13-AX13)*100 -> -9.4440196 | AZ13: =Serviceorderfile_Current!$I507*Serviceorderfile_Current!$U507 -> 46.242 | BA13: =Serviceorderfile_PREVIOUS!$I507*Serviceorderfile_PREVIOUS!$U507 -> 57.708 | BB13: =IF(BA13>0,AZ13/BA13-1,1) -> -0.19868996 | BC13: =AZ13/H13 -> 0.028947784 | BD13: =BA13/I13 -> 0.033871147 | BE13: =(BC13-BD13)*100 -> -0.49233631 | BF13: =Serviceorderfile_Current!$I506*Serviceorderfile_Current!$U506 -> 83.034 | BG13: =Serviceorderfile_PREVIOUS!$I506*Serviceorderfile_PREVIOUS!$U506 -> 94.29 | BH13: =IF(BG13>0,BF13/BG13-1,1) -> -0.11937639 | BI13: =BF13/N13 -> 0.3909046 | BJ13: =BG13/O13 -> 0.29269883 | BK13: =(BI13-BJ13)*100 -> 9.8205771 | BL13: =Serviceorderfile_Current!$I508*Serviceorderfile_Current!$U508 -> 25.263 | BM13: =Serviceorderfile_PREVIOUS!$I508*Serviceorderfile_PREVIOUS!$U508 -> 8.001 | BN13: =IF(BM13>0,BL13/BM13-1,1) -> 2.1574803 | BO13: =BL13/T13 -> 0.27472026 | BP13: =BM13/U13 -> 0.051017675 | BQ13: =(BO13-BP13)*100 -> 22.370258 | BR13: =Serviceorderfile_Current!$I509*Serviceorderfile_Current!$U509 -> 0 | BS13: =Serviceorderfile_PREVIOUS!$I509*Serviceorderfile_PREVIOUS!$U509 -> 0 | BT13: =IF(BS13>0,BR13/BS13-1,1) -> 1 | BU13: =BR13/Z13 -> #DIV/0! | BV13: =BS13/AA13 -> #DIV/0! | BW13: =(BU13-BV13)*100 -> #DIV/0! | BX13: =Serviceorderfile_Current!$I503*Serviceorderfile_Current!$U503 -> 0 | BY13: =Serviceorderfile_PREVIOUS!$I503*Serviceorderfile_PREVIOUS!$U503 -> 4.074 | BZ13: =IF(BY13>0,BX13/BY13-1,1) -> -1 | CA13: =BX13/AF13 -> 0 | CB13: =BY13/AG13 -> 0.06286455 | CC13: =(CA13-CB13)*100 -> -6.286455 | CD13: =AT13+BL13+BR13+BX13+BF13 -> 279.258 | CE13: =AU13+BM13+BS13+BY13+BG13 -> 349.923 | CF13: =IF(CE13>0,CD13/CE13-1,1) -> -0.20194443 | CG13: =CD13/AL13 -> 0.086041681 | CH13: =CE13/AM13 -> 0.10520966 | CI13: =(CG13-CH13)*100 -> -1.9167974 | CK13: Egypt_CAI | CL13: =Serviceorderfile_Current!$J505*Serviceorderfile_Current!$U505 -> 145.488 | CM13: =Serviceorderfile_PREVIOUS!$J505*Serviceorderfile_PREVIOUS!$U505 -> 49.896 | CN13: =IF(CM13>0,CL13/CM13-1,1) -> 1.9158249 | CO13: =Serviceorderfile_Current!$J507*Serviceorderfile_Current!$U507 -> 111.048 | CP13: =Serviceorderfile_PREVIOUS!$J507*Serviceorderfile_PREVIOUS!$U507 -> 23.625 | CQ13: =IF(CP13>0,CO13/CP13-1,1) -> 3.7004444 | CR13: =Serviceorderfile_Current!$J506*Serviceorderfile_Current!$U506 -> 32.046 | CS13: =Serviceorderfile_PREVIOUS!$J506*Serviceorderfile_PREVIOUS!$U506 -> 40.32 | CT13: =IF(CS13>0,CR13/CS13-1,1) -> -0.20520833 | CU13: =Serviceorderfile_Current!$J508*Serviceorderfile_Current!$U508 -> 4.914 | CV13: =Serviceorderfile_PREVIOUS!$J508*Serviceorderfile_PREVIOUS!$U508 -> 39.963 | CW13: =IF(CV13>0,CU13/CV13-1,1) -> -0.87703626 | CX13: =Serviceorderfile_Current!$J509*Serviceorderfile_Current!$U509 -> 0 | CY13: =Serviceorderfile_PREVIOUS!$J509*Serviceorderfile_PREVIOUS!$U509 -> 0 | CZ13: =IF(CY13>0,CX13/CY13-1,1) -> 1 | DA13: =Serviceorderfile_Current!$J503*Serviceorderfile_Current!$U503 -> 0 | DB13: =Serviceorderfile_PREVIOUS!$J503*Serviceorderfile_PREVIOUS!$U503 -> 0 | DC13: =IF(DB13>0,DA13/DB13-1,1) -> 1 | DD13: =CL13+CO13+CR13+CU13+CX13+DA13 -> 293.496 | DE13: =CM13+CP13+CS13+CV13+CY13+DB13 -> 153.804 | DF13: =IF(DE13>0,DD13/DE13-1,1) -> 0.90824686 | DH13: Egypt_CAI | DI13: =Serviceorderfile_Current!$K505*Serviceorderfile_Current!$U505 -> 63.777 | DJ13: =Serviceorderfile_PREVIOUS!$K505*Serviceorderfile_PREVIOUS!$U505 -> 8.946 | DK13: =IF(DJ13>0,DI13/DJ13-1,1) -> 6.129108 | DL13: =Serviceorderfile_Current!$K507*Serviceorderfile_Current!$U507 -> 124.467 | DM13: =Serviceorderfile_PREVIOUS!$K507*Serviceorderfile_PREVIOUS!$U507 -> 94.458 | DN13: =IF(DM13>0,DL13/DM13-1,1) -> 0.31769675 | DO13: =Serviceorderfile_Current!$K506*Serviceorderfile_Current!$U506 -> 26.376 | DP13: =Serviceorderfile_PREVIOUS!$K506*Serviceorderfile_PREVIOUS!$U506 -> 26.712 | DQ13: =IF(DP13>0,DO13/DP13-1,1) -> -0.012578616 | DR13: =Serviceorderfile_Current!$K508*Serviceorderfile_Current!$U508 -> 11.13 | DS13: =Serviceorderfile_PREVIOUS!$K508*Serviceorderfile_PREVIOUS!$U508 -> 17.052 | DT13: =IF(DS13>0,DR13/DS13-1,1) -> -0.34729064 | DU13: =Serviceorderfile_Current!$K509*Serviceorderfile_Current!$U509 -> 0 | DV13: =Serviceorderfile_PREVIOUS!$K509*Serviceorderfile_PREVIOUS!$U509 -> 0 | DW13: =IF(DV13>0,DU13/DV13-1,1) -> 1 | DX13: =Serviceorderfile_Current!$K503*Serviceorderfile_Current!$U503 -> 0 | DY13: =Serviceorderfile_PREVIOUS!$K503*Serviceorderfile_PREVIOUS!$U503 -> 0 | DZ13: =IF(DY13>0,DX13/DY13-1,1) -> 1 | EA13: =DI13+DL13+DO13+DR13+DU13+DX13 -> 225.75 | EB13: =DJ13+DM13+DP13+DS13+DV13+DY13 -> 147.168 | EC13: =IF(EB13>0,EA13/EB13-1,1) -> 0.53396119 | EE13: Egypt_CAI | EF13: =Serviceorderfile_Current!$V502 -> 0.99999426 | EG13: =Aged!E31 -> 0.98 | EH13: =Serviceorderfile_Current!$U497*Serviceorderfile_Current!$H497 -> 8154.237 | EI13: =Serviceorderfile_PREVIOUS!$U497*Serviceorderfile_PREVIOUS!$H497 -> 10529.967 | EJ13: =IF(EI13>0,EH13/EI13-1,1) -> -0.22561609 | EK13: =Serviceorderfile_Current!$U499*Serviceorderfile_Current!$H499 -> 5569.998 | EL13: =Serviceorderfile_PREVIOUS!$U499*Serviceorderfile_PREVIOUS!$H499 -> 7802.55 | EM13: =IF(EL13>0,EK13/EL13-1,1) -> -0.28613107 | EN13: =Serviceorderfile_Current!$U498*Serviceorderfile_Current!$H498 -> 669.354 | EO13: =Serviceorderfile_PREVIOUS!$U498*Serviceorderfile_PREVIOUS!$H498 -> 722.337 | EP13: =IF(EO13>0,EN13/EO13-1,1) -> -0.07334942 | EQ13: =Serviceorderfile_Current!$U500*Serviceorderfile_Current!$H500 -> 229.341 | ER13: =Serviceorderfile_PREVIOUS!$U500*Serviceorderfile_PREVIOUS!$H500 -> 0 | ES13: =IF(ER13>0,EQ13/ER13-1,1) -> 1 | ET13: =Serviceorderfile_Current!$U501*Serviceorderfile_Current!$H501 -> 0 | EU13: =Serviceorderfile_PREVIOUS!$U501*Serviceorderfile_PREVIOUS!$H501 -> 0 | EV13: =IF(EU13>0,ET13/EU13-1,1) -> 1 | EX13: =Serviceorderfile_Current!$V495 -> 0.96100345 | EY13: =Aged!E84 -> 0.54 | EZ13: =Serviceorderfile_Current!$U499*Serviceorderfile_Current!$H499 -> 5569.998 | FA13: =Serviceorderfile_PREVIOUS!$U499*Serviceorderfile_PREVIOUS!$H499 -> 7802.55 | FB13: =IF(FA13>0,EZ13/FA13-1,1) -> -0.28613107 | FD13: =EZ13+ET13+EQ13+EN13+EK13+EH13 -> 20192.928 | FE13: =FA13+EU13+ER13+EO13+EL13+EI13 -> 26857.404 | FF13: =IF(FE13>0,FD13/FE13-1,1) -> -0.24814297
A14: Kuwait | B14: =Serviceorderfile_Current!$W590 -> 250.77191 | C14: =Serviceorderfile_PREVIOUS!$W590 -> 218.20413 | D14: =IF(C14>0,B14/C14-1,1) -> 0.14925373 | E14: ='YOY Orders'!$J22 -> 511.31415 | F14: ='YOY Orders'!$B22 -> 328.93458 | G14: =IF(F14>0,E14/F14-1,1) -> 0.55445545 | H14: =Serviceorderfile_Current!$W592 -> 488.51671 | I14: =Serviceorderfile_PREVIOUS!$W592 -> 149.81179 | J14: =IF(I14>0,H14/I14-1,1) -> 2.2608696 | K14: ='YOY Orders'!$K22 -> 563.4226 | L14: ='YOY Orders'!$C22 -> 78.162673 | M14: =IF(L14>0,K14/L14-1,1) -> 6.2083333 | N14: =Serviceorderfile_Current!$W591 -> 74.905895 | O14: =Serviceorderfile_PREVIOUS!$W591 -> 133.5279 | P14: =IF(O14>0,N14/O14-1,1) -> -0.43902439 | Q14: ='YOY Orders'!$O22 -> 120.50079 | R14: ='YOY Orders'!$G22 -> 241.00157 | S14: =IF(R14>0,Q14/R14-1,1) -> -0.5 | T14: =Serviceorderfile_Current!$W593 -> 423.38114 | U14: =Serviceorderfile_PREVIOUS!$W593 -> 325.6778 | V14: =IF(U14>0,T14/U14-1,1) -> 0.3 | W14: ='YOY Orders'!$L22 -> 569.93616 | X14: ='YOY Orders'!$D22 -> 374.52947 | Y14: =IF(X14>0,W14/X14-1,1) -> 0.52173913 | Z14: =Serviceorderfile_Current!$W594 -> 13.027112 | AA14: =Serviceorderfile_PREVIOUS!$W594 -> 45.594893 | AB14: =IF(AA14>0,Z14/AA14-1,1) -> -0.71428571 | AC14: ='YOY Orders'!$N22 -> 0 | AD14: ='YOY Orders'!$F22 -> 71.649117 | AE14: =IF(AD14>0,AC14/AD14-1,1) -> -1 | AF14: =Serviceorderfile_Current!$W588 -> 218.20413 | AG14: =Serviceorderfile_PREVIOUS!$W588 -> 35.824558 | AH14: =IF(AG14>0,AF14/AG14-1,1) -> 5.0909091 | AI14: ='YOY Orders'!$M22 -> 231.23124 | AJ14: ='YOY Orders'!$E22 -> 162.8389 | AK14: =IF(AJ14>0,AI14/AJ14-1,1) -> 0.42 | AL14: =B14+T14+Z14+AF14+N14+H14 -> 1468.8069 | AM14: =C14+U14+AA14+AG14+O14+I14 -> 908.64107 | AN14: =IF(AM14>0,AL14/AM14-1,1) -> 0.61648746 | AO14: =E14+W14+AC14+AI14+Q14+K14 -> 1996.4049 | AP14: =F14+X14+AD14+AJ14+R14+L14 -> 1257.1163 | AQ14: =IF(AP14>0,AO14/AP14-1,1) -> 0.5880829 | AS14: Kuwait | AT14: =Serviceorderfile_Current!$I590*Serviceorderfile_Current!$U590 -> 55.365227 | AU14: =Serviceorderfile_PREVIOUS!$I590*Serviceorderfile_PREVIOUS!$U590 -> 13.027112 | AV14: =IF(AU14>0,AT14/AU14-1,1) -> 3.25 | AW14: =AT14/B14 -> 0.22077922 | AX14: =AU14/C14 -> 0.059701493 | AY14: =(AW14-AX14)*100 -> 16.107773 | AZ14: =Serviceorderfile_Current!$I592*Serviceorderfile_Current!$U592 -> 188.89313 | BA14: =Serviceorderfile_PREVIOUS!$I592*Serviceorderfile_PREVIOUS!$U592 -> 32.56778 | BB14: =IF(BA14>0,AZ14/BA14-1,1) -> 4.8 | BC14: =AZ14/H14 -> 0.38666667 | BD14: =BA14/I14 -> 0.2173913 | BE14: =(BC14-BD14)*100 -> 16.927536 | BF14: =Serviceorderfile_Current!$I591*Serviceorderfile_Current!$U591 -> 6.5135561 | BG14: =Serviceorderfile_PREVIOUS!$I591*Serviceorderfile_PREVIOUS!$U591 -> 29.311002 | BH14: =IF(BG14>0,BF14/BG14-1,1) -> -0.77777778 | BI14: =BF14/N14 -> 0.086956522 | BJ14: =BG14/O14 -> 0.2195122 | BK14: =(BI14-BJ14)*100 -> -13.255567 | BL14: =Serviceorderfile_Current!$I593*Serviceorderfile_Current!$U593 -> 52.108449 | BM14: =Serviceorderfile_PREVIOUS!$I593*Serviceorderfile_PREVIOUS!$U593 -> 58.622005 | BN14: =IF(BM14>0,BL14/BM14-1,1) -> -0.11111111 | BO14: =BL14/T14 -> 0.12307692 | BP14: =BM14/U14 -> 0.18 | BQ14: =(BO14-BP14)*100 -> -5.6923077 | BR14: =Serviceorderfile_Current!$I594*Serviceorderfile_Current!$U594 -> 0 | BS14: =Serviceorderfile_PREVIOUS!$I594*Serviceorderfile_PREVIOUS!$U594 -> 0 | BT14: =IF(BS14>0,BR14/BS14-1,1) -> 1 | BU14: =BR14/Z14 -> 0 | BV14: =BS14/AA14 -> 0 | BW14: =(BU14-BV14)*100 -> 0 | BX14: =Serviceorderfile_Current!$I588*Serviceorderfile_Current!$U588 -> 16.28389 | BY14: =Serviceorderfile_PREVIOUS!$I588*Serviceorderfile_PREVIOUS!$U588 -> 22.797446 | BZ14: =IF(BY14>0,BX14/BY14-1,1) -> -0.28571429 | CA14: =BX14/AF14 -> 0.074626866 | CB14: =BY14/AG14 -> 0.63636364 | CC14: =(CA14-CB14)*100 -> -56.173677 | CD14: =AT14+BL14+BR14+BX14+BF14 -> 130.27112 | CE14: =AU14+BM14+BS14+BY14+BG14 -> 123.75757 | CF14: =IF(CE14>0,CD14/CE14-1,1) -> 0.052631579 | CG14: =CD14/AL14 -> 0.088691796 | CH14: =CE14/AM14 -> 0.13620072 | CI14: =(CG14-CH14)*100 -> -4.7508921 | CK14: Kuwait | CL14: =Serviceorderfile_Current!$J590*Serviceorderfile_Current!$U590 -> 110.73045 | CM14: =Serviceorderfile_PREVIOUS!$J590*Serviceorderfile_PREVIOUS!$U590 -> 71.649117 | CN14: =IF(CM14>0,CL14/CM14-1,1) -> 0.54545455 | CO14: =Serviceorderfile_Current!$J592*Serviceorderfile_Current!$U592 -> 19.540668 | CP14: =Serviceorderfile_PREVIOUS!$J592*Serviceorderfile_PREVIOUS!$U592 -> 9.7703341 | CQ14: =IF(CP14>0,CO14/CP14-1,1) -> 1 | CR14: =Serviceorderfile_Current!$J591*Serviceorderfile_Current!$U591 -> 6.5135561 | CS14: =Serviceorderfile_PREVIOUS!$J591*Serviceorderfile_PREVIOUS!$U591 -> 52.108449 | CT14: =IF(CS14>0,CR14/CS14-1,1) -> -0.875 | CU14: =Serviceorderfile_Current!$J593*Serviceorderfile_Current!$U593 -> 48.851671 | CV14: =Serviceorderfile_PREVIOUS!$J593*Serviceorderfile_PREVIOUS!$U593 -> 39.081336 | CW14: =IF(CV14>0,CU14/CV14-1,1) -> 0.25 | CX14: =Serviceorderfile_Current!$J594*Serviceorderfile_Current!$U594 -> 0 | CY14: =Serviceorderfile_PREVIOUS!$J594*Serviceorderfile_PREVIOUS!$U594 -> 39.081336 | CZ14: =IF(CY14>0,CX14/CY14-1,1) -> -1 | DA14: =Serviceorderfile_Current!$J588*Serviceorderfile_Current!$U588 -> 13.027112 | DB14: =Serviceorderfile_PREVIOUS!$J588*Serviceorderfile_PREVIOUS!$U588 -> 0 | DC14: =IF(DB14>0,DA14/DB14-1,1) -> 1 | DD14: =CL14+CO14+CR14+CU14+CX14+DA14 -> 198.66346 | DE14: =CM14+CP14+CS14+CV14+CY14+DB14 -> 211.69057 | DF14: =IF(DE14>0,DD14/DE14-1,1) -> -0.061538462 | DH14: Kuwait | DI14: =Serviceorderfile_Current!$K590*Serviceorderfile_Current!$U590 -> 13.027112 | DJ14: =Serviceorderfile_PREVIOUS!$K590*Serviceorderfile_PREVIOUS!$U590 -> 3.256778 | DK14: =IF(DJ14>0,DI14/DJ14-1,1) -> 3 | DL14: =Serviceorderfile_Current!$K592*Serviceorderfile_Current!$U592 -> 9.7703341 | DM14: =Serviceorderfile_PREVIOUS!$K592*Serviceorderfile_PREVIOUS!$U592 -> 3.256778 | DN14: =IF(DM14>0,DL14/DM14-1,1) -> 2 | DO14: =Serviceorderfile_Current!$K591*Serviceorderfile_Current!$U591 -> 6.5135561 | DP14: =Serviceorderfile_PREVIOUS!$K591*Serviceorderfile_PREVIOUS!$U591 -> 32.56778 | DQ14: =IF(DP14>0,DO14/DP14-1,1) -> -0.8 | DR14: =Serviceorderfile_Current!$K593*Serviceorderfile_Current!$U593 -> 42.338114 | DS14: =Serviceorderfile_PREVIOUS!$K593*Serviceorderfile_PREVIOUS!$U593 -> 39.081336 | DT14: =IF(DS14>0,DR14/DS14-1,1) -> 0.083333333 | DU14: =Serviceorderfile_Current!$K594*Serviceorderfile_Current!$U594 -> 0 | DV14: =Serviceorderfile_PREVIOUS!$K594*Serviceorderfile_PREVIOUS!$U594 -> 0 | DW14: =IF(DV14>0,DU14/DV14-1,1) -> 1 | DX14: =Serviceorderfile_Current!$K588*Serviceorderfile_Current!$U588 -> 9.7703341 | DY14: =Serviceorderfile_PREVIOUS!$K588*Serviceorderfile_PREVIOUS!$U588 -> 0 | DZ14: =IF(DY14>0,DX14/DY14-1,1) -> 1 | EA14: =DI14+DL14+DO14+DR14+DU14+DX14 -> 81.419451 | EB14: =DJ14+DM14+DP14+DS14+DV14+DY14 -> 78.162673 | EC14: =IF(EB14>0,EA14/EB14-1,1) -> 0.041666667 | EE14: Kuwait | EF14: =Serviceorderfile_Current!$V587 -> 1 | EG14: =Aged!E36 -> 0.99 | EH14: =Serviceorderfile_Current!$U582*Serviceorderfile_Current!$H582 -> 4539.9486 | EI14: =Serviceorderfile_PREVIOUS!$U582*Serviceorderfile_PREVIOUS!$H582 -> 4491.0969 | EJ14: =IF(EI14>0,EH14/EI14-1,1) -> 0.010877447 | EK14: =Serviceorderfile_Current!$U584*Serviceorderfile_Current!$H584 -> 2250.4336 | EL14: =Serviceorderfile_PREVIOUS!$U584*Serviceorderfile_PREVIOUS!$H584 -> 2442.5835 | EM14: =IF(EL14>0,EK14/EL14-1,1) -> -0.078666667 | EN14: =Serviceorderfile_Current!$U583*Serviceorderfile_Current!$H583 -> 1292.9409 | EO14: =Serviceorderfile_PREVIOUS!$U583*Serviceorderfile_PREVIOUS!$H583 -> 791.39706 | EP14: =IF(EO14>0,EN14/EO14-1,1) -> 0.63374486 | EQ14: =Serviceorderfile_Current!$U585*Serviceorderfile_Current!$H585 -> 990.06052 | ER14: =Serviceorderfile_PREVIOUS!$U585*Serviceorderfile_PREVIOUS!$H585 -> 752.31573 | ES14: =IF(ER14>0,EQ14/ER14-1,1) -> 0.31601732 | ET14: =Serviceorderfile_Current!$U586*Serviceorderfile_Current!$H586 -> 0 | EU14: =Serviceorderfile_PREVIOUS!$U586*Serviceorderfile_PREVIOUS!$H586 -> 52.108449 | EV14: =IF(EU14>0,ET14/EU14-1,1) -> -1 | EX14: =Serviceorderfile_Current!$V580 -> 1 | EY14: =Aged!E89 -> 0.16 | EZ14: =Serviceorderfile_Current!$U584*Serviceorderfile_Current!$H584 -> 2250.4336 | FA14: =Serviceorderfile_PREVIOUS!$U584*Serviceorderfile_PREVIOUS!$H584 -> 2442.5835 | FB14: =IF(FA14>0,EZ14/FA14-1,1) -> -0.078666667 | FD14: =EZ14+ET14+EQ14+EN14+EK14+EH14 -> 11323.817 | FE14: =FA14+EU14+ER14+EO14+EL14+EI14 -> 10972.085 | FF14: =IF(FE14>0,FD14/FE14-1,1) -> 0.03205699
A15: Lebanon | B15: =Serviceorderfile_Current!$W607 -> 167 | C15: =Serviceorderfile_PREVIOUS!$W607 -> 84 | D15: =IF(C15>0,B15/C15-1,1) -> 0.98809524 | E15: ='YOY Orders'!$J23 -> 289 | F15: ='YOY Orders'!$B23 -> 142 | G15: =IF(F15>0,E15/F15-1,1) -> 1.0352113 | H15: =Serviceorderfile_Current!$W609 -> 11 | I15: =Serviceorderfile_PREVIOUS!$W609 -> 101 | J15: =IF(I15>0,H15/I15-1,1) -> -0.89108911 | K15: ='YOY Orders'!$K23 -> 25 | L15: ='YOY Orders'!$C23 -> 46 | M15: =IF(L15>0,K15/L15-1,1) -> -0.45652174 | N15: =Serviceorderfile_Current!$W608 -> 0 | O15: =Serviceorderfile_PREVIOUS!$W608 -> 0 | P15: =IF(O15>0,N15/O15-1,1) -> 1 | Q15: ='YOY Orders'!$O23 -> 0 | R15: ='YOY Orders'!$G23 -> 0 | S15: =IF(R15>0,Q15/R15-1,1) -> 1 | T15: =Serviceorderfile_Current!$W610 -> 109 | U15: =Serviceorderfile_PREVIOUS!$W610 -> 77 | V15: =IF(U15>0,T15/U15-1,1) -> 0.41558442 | W15: ='YOY Orders'!$L23 -> 127 | X15: ='YOY Orders'!$D23 -> 158 | Y15: =IF(X15>0,W15/X15-1,1) -> -0.19620253 | Z15: =Serviceorderfile_Current!$W611 -> 7 | AA15: =Serviceorderfile_PREVIOUS!$W611 -> 12 | AB15: =IF(AA15>0,Z15/AA15-1,1) -> -0.41666667 | AC15: ='YOY Orders'!$N23 -> 7 | AD15: ='YOY Orders'!$F23 -> 3 | AE15: =IF(AD15>0,AC15/AD15-1,1) -> 1.3333333 | AF15: =Serviceorderfile_Current!$W605 -> 0 | AG15: =Serviceorderfile_PREVIOUS!$W605 -> 0 | AH15: =IF(AG15>0,AF15/AG15-1,1) -> 1 | AI15: ='YOY Orders'!$M23 -> 7 | AJ15: ='YOY Orders'!$E23 -> 3 | AK15: =IF(AJ15>0,AI15/AJ15-1,1) -> 1.3333333 | AL15: =B15+T15+Z15+AF15+N15+H15 -> 294 | AM15: =C15+U15+AA15+AG15+O15+I15 -> 274 | AN15: =IF(AM15>0,AL15/AM15-1,1) -> 0.072992701 | AO15: =E15+W15+AC15+AI15+Q15+K15 -> 455 | AP15: =F15+X15+AD15+AJ15+R15+L15 -> 352 | AQ15: =IF(AP15>0,AO15/AP15-1,1) -> 0.29261364 | AS15: Lebanon | AT15: =Serviceorderfile_Current!$I607*Serviceorderfile_Current!$U607 -> 51 | AU15: =Serviceorderfile_PREVIOUS!$I607*Serviceorderfile_PREVIOUS!$U607 -> 46 | AV15: =IF(AU15>0,AT15/AU15-1,1) -> 0.10869565 | AW15: =AT15/B15 -> 0.30538922 | AX15: =AU15/C15 -> 0.54761905 | AY15: =(AW15-AX15)*100 -> -24.222983 | AZ15: =Serviceorderfile_Current!$I609*Serviceorderfile_Current!$U609 -> 5 | BA15: =Serviceorderfile_PREVIOUS!$I609*Serviceorderfile_PREVIOUS!$U609 -> 27 | BB15: =IF(BA15>0,AZ15/BA15-1,1) -> -0.81481481 | BC15: =AZ15/H15 -> 0.45454545 | BD15: =BA15/I15 -> 0.26732673 | BE15: =(BC15-BD15)*100 -> 18.721872 | BF15: =Serviceorderfile_Current!$I608*Serviceorderfile_Current!$U608 -> 0 | BG15: =Serviceorderfile_PREVIOUS!$I608*Serviceorderfile_PREVIOUS!$U608 -> 0 | BH15: =IF(BG15>0,BF15/BG15-1,1) -> 1 | BI15: =BF15/N15 -> #DIV/0! | BJ15: =BG15/O15 -> #DIV/0! | BK15: =(BI15-BJ15)*100 -> #DIV/0! | BL15: =Serviceorderfile_Current!$I610*Serviceorderfile_Current!$U610 -> 17 | BM15: =Serviceorderfile_PREVIOUS!$I610*Serviceorderfile_PREVIOUS!$U610 -> 9 | BN15: =IF(BM15>0,BL15/BM15-1,1) -> 0.88888889 | BO15: =BL15/T15 -> 0.1559633 | BP15: =BM15/U15 -> 0.11688312 | BQ15: =(BO15-BP15)*100 -> 3.9080186 | BR15: =Serviceorderfile_Current!$I611*Serviceorderfile_Current!$U611 -> 0 | BS15: =Serviceorderfile_PREVIOUS!$I611*Serviceorderfile_PREVIOUS!$U611 -> 1 | BT15: =IF(BS15>0,BR15/BS15-1,1) -> -1 | BU15: =BR15/Z15 -> 0 | BV15: =BS15/AA15 -> 0.083333333 | BW15: =(BU15-BV15)*100 -> -8.3333333 | BX15: =Serviceorderfile_Current!$I605*Serviceorderfile_Current!$U605 -> 0 | BY15: =Serviceorderfile_PREVIOUS!$I605*Serviceorderfile_PREVIOUS!$U605 -> 0 | BZ15: =IF(BY15>0,BX15/BY15-1,1) -> 1 | CA15: =BX15/AF15 -> #DIV/0! | CB15: =BY15/AG15 -> #DIV/0! | CC15: =(CA15-CB15)*100 -> #DIV/0! | CD15: =AT15+BL15+BR15+BX15+BF15 -> 68 | CE15: =AU15+BM15+BS15+BY15+BG15 -> 56 | CF15: =IF(CE15>0,CD15/CE15-1,1) -> 0.21428571 | CG15: =CD15/AL15 -> 0.23129252 | CH15: =CE15/AM15 -> 0.20437956 | CI15: =(CG15-CH15)*100 -> 2.6912955 | CK15: Lebanon | CL15: =Serviceorderfile_Current!$J607*Serviceorderfile_Current!$U607 -> 41 | CM15: =Serviceorderfile_PREVIOUS!$J607*Serviceorderfile_PREVIOUS!$U607 -> 38 | CN15: =IF(CM15>0,CL15/CM15-1,1) -> 0.078947368 | CO15: =Serviceorderfile_Current!$J609*Serviceorderfile_Current!$U609 -> 6 | CP15: =Serviceorderfile_PREVIOUS!$J609*Serviceorderfile_PREVIOUS!$U609 -> 74 | CQ15: =IF(CP15>0,CO15/CP15-1,1) -> -0.91891892 | CR15: =Serviceorderfile_Current!$J608*Serviceorderfile_Current!$U608 -> 0 | CS15: =Serviceorderfile_PREVIOUS!$J608*Serviceorderfile_PREVIOUS!$U608 -> 0 | CT15: =IF(CS15>0,CR15/CS15-1,1) -> 1 | CU15: =Serviceorderfile_Current!$J610*Serviceorderfile_Current!$U610 -> 19 | CV15: =Serviceorderfile_PREVIOUS!$J610*Serviceorderfile_PREVIOUS!$U610 -> 0 | CW15: =IF(CV15>0,CU15/CV15-1,1) -> 1 | CX15: =Serviceorderfile_Current!$J611*Serviceorderfile_Current!$U611 -> 2 | CY15: =Serviceorderfile_PREVIOUS!$J611*Serviceorderfile_PREVIOUS!$U611 -> 4 | CZ15: =IF(CY15>0,CX15/CY15-1,1) -> -0.5 | DA15: =Serviceorderfile_Current!$J605*Serviceorderfile_Current!$U605 -> 0 | DB15: =Serviceorderfile_PREVIOUS!$J605*Serviceorderfile_PREVIOUS!$U605 -> 0 | DC15: =IF(DB15>0,DA15/DB15-1,1) -> 1 | DD15: =CL15+CO15+CR15+CU15+CX15+DA15 -> 68 | DE15: =CM15+CP15+CS15+CV15+CY15+DB15 -> 116 | DF15: =IF(DE15>0,DD15/DE15-1,1) -> -0.4137931 | DH15: Lebanon | DI15: =Serviceorderfile_Current!$K607*Serviceorderfile_Current!$U607 -> 75 | DJ15: =Serviceorderfile_PREVIOUS!$K607*Serviceorderfile_PREVIOUS!$U607 -> 0 | DK15: =IF(DJ15>0,DI15/DJ15-1,1) -> 1 | DL15: =Serviceorderfile_Current!$K609*Serviceorderfile_Current!$U609 -> 0 | DM15: =Serviceorderfile_PREVIOUS!$K609*Serviceorderfile_PREVIOUS!$U609 -> 0 | DN15: =IF(DM15>0,DL15/DM15-1,1) -> 1 | DO15: =Serviceorderfile_Current!$K608*Serviceorderfile_Current!$U608 -> 0 | DP15: =Serviceorderfile_PREVIOUS!$K608*Serviceorderfile_PREVIOUS!$U608 -> 0 | DQ15: =IF(DP15>0,DO15/DP15-1,1) -> 1 | DR15: =Serviceorderfile_Current!$K610*Serviceorderfile_Current!$U610 -> 11 | DS15: =Serviceorderfile_PREVIOUS!$K610*Serviceorderfile_PREVIOUS!$U610 -> 17 | DT15: =IF(DS15>0,DR15/DS15-1,1) -> -0.35294118 | DU15: =Serviceorderfile_Current!$K611*Serviceorderfile_Current!$U611 -> 3 | DV15: =Serviceorderfile_PREVIOUS!$K611*Serviceorderfile_PREVIOUS!$U611 -> 2 | DW15: =IF(DV15>0,DU15/DV15-1,1) -> 0.5 | DX15: =Serviceorderfile_Current!$K605*Serviceorderfile_Current!$U605 -> 0 | DY15: =Serviceorderfile_PREVIOUS!$K605*Serviceorderfile_PREVIOUS!$U605 -> 0 | DZ15: =IF(DY15>0,DX15/DY15-1,1) -> 1 | EA15: =DI15+DL15+DO15+DR15+DU15+DX15 -> 89 | EB15: =DJ15+DM15+DP15+DS15+DV15+DY15 -> 19 | EC15: =IF(EB15>0,EA15/EB15-1,1) -> 3.6842105 | EE15: Lebanon | EF15: =Serviceorderfile_Current!$V604 -> 0.97014085 | EG15: =Aged!E37 -> 0.49 | EH15: =Serviceorderfile_Current!$U599*Serviceorderfile_Current!$H599 -> 0.011066299 | EI15: =Serviceorderfile_PREVIOUS!$U599*Serviceorderfile_PREVIOUS!$H599 -> 0.0082522652 | EJ15: =IF(EI15>0,EH15/EI15-1,1) -> 0.34100135 | EK15: =Serviceorderfile_Current!$U601*Serviceorderfile_Current!$H601 -> 0.0069904168 | EL15: =Serviceorderfile_PREVIOUS!$U601*Serviceorderfile_PREVIOUS!$H601 -> 0.0033612068 | EM15: =IF(EL15>0,EK15/EL15-1,1) -> 1.0797342 | EN15: =Serviceorderfile_Current!$U600*Serviceorderfile_Current!$H600 -> 5.5834e-05 | EO15: =Serviceorderfile_PREVIOUS!$U600*Serviceorderfile_PREVIOUS!$H600 -> 0.0005360064 | EP15: =IF(EO15>0,EN15/EO15-1,1) -> -0.89583333 | EQ15: =Serviceorderfile_Current!$U602*Serviceorderfile_Current!$H602 -> 0.0017085204 | ER15: =Serviceorderfile_PREVIOUS!$U602*Serviceorderfile_PREVIOUS!$H602 -> 0.17651361 | ES15: =IF(ER15>0,EQ15/ER15-1,1) -> -0.99032074 | ET15: =Serviceorderfile_Current!$U603*Serviceorderfile_Current!$H603 -> 0 | EU15: =Serviceorderfile_PREVIOUS!$U603*Serviceorderfile_PREVIOUS!$H603 -> 0 | EV15: =IF(EU15>0,ET15/EU15-1,1) -> 1 | EX15: =Serviceorderfile_Current!$V597 -> 0 | EY15: =Aged!E90 -> 0.32 | EZ15: =Serviceorderfile_Current!$U601*Serviceorderfile_Current!$H601 -> 0.0069904168 | FA15: =Serviceorderfile_PREVIOUS!$U601*Serviceorderfile_PREVIOUS!$H601 -> 0.0033612068 | FB15: =IF(FA15>0,EZ15/FA15-1,1) -> 1.0797342 | FD15: =EZ15+ET15+EQ15+EN15+EK15+EH15 -> 0.026811487 | FE15: =FA15+EU15+ER15+EO15+EL15+EI15 -> 0.19202429 | FF15: =IF(FE15>0,FD15/FE15-1,1) -> -0.86037451
A16: Qatar | B16: =Serviceorderfile_Current!$W675 -> 680.80505 | C16: =Serviceorderfile_PREVIOUS!$W675 -> 154.15489 | D16: =IF(C16>0,B16/C16-1,1) -> 3.4163701 | E16: ='YOY Orders'!$J27 -> 1014.6245 | F16: ='YOY Orders'!$B27 -> 291.30337 | G16: =IF(F16>0,E16/F16-1,1) -> 2.4830508 | H16: =Serviceorderfile_Current!$W677 -> 37.304386 | I16: =Serviceorderfile_PREVIOUS!$W677 -> 8.7775027 | J16: =IF(I16>0,H16/I16-1,1) -> 3.25 | K16: ='YOY Orders'!$K27 -> 63.088301 | L16: ='YOY Orders'!$C27 -> 100.66698 | M16: =IF(L16>0,K16/L16-1,1) -> -0.373297 | N16: =Serviceorderfile_Current!$W676 -> 211.20866 | O16: =Serviceorderfile_PREVIOUS!$W676 -> 103.40995 | P16: =IF(O16>0,N16/O16-1,1) -> 1.0424403 | Q16: ='YOY Orders'!$O27 -> 185.15045 | R16: ='YOY Orders'!$G27 -> 194.20225 | S16: =IF(R16>0,Q16/R16-1,1) -> -0.046610169 | T16: =Serviceorderfile_Current!$W678 -> 920.81489 | U16: =Serviceorderfile_PREVIOUS!$W678 -> 703.846 | V16: =IF(U16>0,T16/U16-1,1) -> 0.30826189 | W16: ='YOY Orders'!$L27 -> 709.60623 | X16: ='YOY Orders'!$D27 -> 643.22637 | Y16: =IF(X16>0,W16/X16-1,1) -> 0.10319829 | Z16: =Serviceorderfile_Current!$W679 -> 4.9373453 | AA16: =Serviceorderfile_PREVIOUS!$W679 -> 0 | AB16: =IF(AA16>0,Z16/AA16-1,1) -> 1 | AC16: ='YOY Orders'!$N27 -> 6.583127 | AD16: ='YOY Orders'!$F27 -> 0 | AE16: =IF(AD16>0,AC16/AD16-1,1) -> 1 | AF16: =Serviceorderfile_Current!$W673 -> 280.88009 | AG16: =Serviceorderfile_PREVIOUS!$W673 -> 21.66946 | AH16: =IF(AG16>0,AF16/AG16-1,1) -> 11.962025 | AI16: ='YOY Orders'!$M27 -> 763.36844 | AJ16: ='YOY Orders'!$E27 -> 781.47204 | AK16: =IF(AJ16>0,AI16/AJ16-1,1) -> -0.023166023 | AL16: =B16+T16+Z16+AF16+N16+H16 -> 2135.9504 | AM16: =C16+U16+AA16+AG16+O16+I16 -> 991.8578 | AN16: =IF(AM16>0,AL16/AM16-1,1) -> 1.1534845 | AO16: =E16+W16+AC16+AI16+Q16+K16 -> 2742.421 | AP16: =F16+X16+AD16+AJ16+R16+L16 -> 2010.871 | AQ16: =IF(AP16>0,AO16/AP16-1,1) -> 0.36379757 | AS16: Qatar | AT16: =Serviceorderfile_Current!$I675*Serviceorderfile_Current!$U675 -> 37.304386 | AU16: =Serviceorderfile_PREVIOUS!$I675*Serviceorderfile_PREVIOUS!$U675 -> 96.826827 | AV16: =IF(AU16>0,AT16/AU16-1,1) -> -0.61473088 | AW16: =AT16/B16 -> 0.054794521 | AX16: =AU16/C16 -> 0.62811388 | AY16: =(AW16-AX16)*100 -> -57.331936 | AZ16: =Serviceorderfile_Current!$I677*Serviceorderfile_Current!$U677 -> 0 | BA16: =Serviceorderfile_PREVIOUS!$I677*Serviceorderfile_PREVIOUS!$U677 -> 7.9546118 | BB16: =IF(BA16>0,AZ16/BA16-1,1) -> -1 | BC16: =AZ16/H16 -> 0 | BD16: =BA16/I16 -> 0.90625 | BE16: =(BC16-BD16)*100 -> -90.625 | BF16: =Serviceorderfile_Current!$I676*Serviceorderfile_Current!$U676 -> 35.658605 | BG16: =Serviceorderfile_PREVIOUS!$I676*Serviceorderfile_PREVIOUS!$U676 -> 33.464229 | BH16: =IF(BG16>0,BF16/BG16-1,1) -> 0.06557377 | BI16: =BF16/N16 -> 0.16883117 | BJ16: =BG16/O16 -> 0.32360743 | BK16: =(BI16-BJ16)*100 -> -15.477626 | BL16: =Serviceorderfile_Current!$I678*Serviceorderfile_Current!$U678 -> 185.15045 | BM16: =Serviceorderfile_PREVIOUS!$I678*Serviceorderfile_PREVIOUS!$U678 -> 80.643306 | BN16: =IF(BM16>0,BL16/BM16-1,1) -> 1.2959184 | BO16: =BL16/T16 -> 0.20107239 | BP16: =BM16/U16 -> 0.11457521 | BQ16: =(BO16-BP16)*100 -> 8.6497172 | BR16: =Serviceorderfile_Current!$I679*Serviceorderfile_Current!$U679 -> 1.6457818 | BS16: =Serviceorderfile_PREVIOUS!$I679*Serviceorderfile_PREVIOUS!$U679 -> 0 | BT16: =IF(BS16>0,BR16/BS16-1,1) -> 1 | BU16: =BR16/Z16 -> 0.33333333 | BV16: =BS16/AA16 -> #DIV/0! | BW16: =(BU16-BV16)*100 -> #DIV/0! | BX16: =Serviceorderfile_Current!$I673*Serviceorderfile_Current!$U673 -> 243.3014 | BY16: =Serviceorderfile_PREVIOUS!$I673*Serviceorderfile_PREVIOUS!$U673 -> 13.714848 | BZ16: =IF(BY16>0,BX16/BY16-1,1) -> 16.74 | CA16: =BX16/AF16 -> 0.86621094 | CB16: =BY16/AG16 -> 0.63291139 | CC16: =(CA16-CB16)*100 -> 23.329955 | CD16: =AT16+BL16+BR16+BX16+BF16 -> 503.06062 | CE16: =AU16+BM16+BS16+BY16+BG16 -> 224.64921 | CF16: =IF(CE16>0,CD16/CE16-1,1) -> 1.2393162 | CG16: =CD16/AL16 -> 0.23552074 | CH16: =CE16/AM16 -> 0.22649336 | CI16: =(CG16-CH16)*100 -> 0.90273769 | CK16: Qatar | CL16: =Serviceorderfile_Current!$J675*Serviceorderfile_Current!$U675 -> 17.555005 | CM16: =Serviceorderfile_PREVIOUS!$J675*Serviceorderfile_PREVIOUS!$U675 -> 32.092744 | CN16: =IF(CM16>0,CL16/CM16-1,1) -> -0.45299145 | CO16: =Serviceorderfile_Current!$J677*Serviceorderfile_Current!$U677 -> 34.835714 | CP16: =Serviceorderfile_PREVIOUS!$J677*Serviceorderfile_PREVIOUS!$U677 -> 0 | CQ16: =IF(CP16>0,CO16/CP16-1,1) -> 1 | CR16: =Serviceorderfile_Current!$J676*Serviceorderfile_Current!$U676 -> 23.589538 | CS16: =Serviceorderfile_PREVIOUS!$J676*Serviceorderfile_PREVIOUS!$U676 -> 13.714848 | CT16: =IF(CS16>0,CR16/CS16-1,1) -> 0.72 | CU16: =Serviceorderfile_Current!$J678*Serviceorderfile_Current!$U678 -> 69.945725 | CV16: =Serviceorderfile_PREVIOUS!$J678*Serviceorderfile_PREVIOUS!$U678 -> 106.42722 | CW16: =IF(CV16>0,CU16/CV16-1,1) -> -0.34278351 | CX16: =Serviceorderfile_Current!$J679*Serviceorderfile_Current!$U679 -> 3.2915635 | CY16: =Serviceorderfile_PREVIOUS!$J679*Serviceorderfile_PREVIOUS!$U679 -> 0 | CZ16: =IF(CY16>0,CX16/CY16-1,1) -> 1 | DA16: =Serviceorderfile_Current!$J673*Serviceorderfile_Current!$U673 -> 29.898369 | DB16: =Serviceorderfile_PREVIOUS!$J673*Serviceorderfile_PREVIOUS!$U673 -> 3.8401574 | DC16: =IF(DB16>0,DA16/DB16-1,1) -> 6.7857143 | DD16: =CL16+CO16+CR16+CU16+CX16+DA16 -> 179.11591 | DE16: =CM16+CP16+CS16+CV16+CY16+DB16 -> 156.07497 | DF16: =IF(DE16>0,DD16/DE16-1,1) -> 0.14762742 | DH16: Qatar | DI16: =Serviceorderfile_Current!$K675*Serviceorderfile_Current!$U675 -> 625.94566 | DJ16: =Serviceorderfile_PREVIOUS!$K675*Serviceorderfile_PREVIOUS!$U675 -> 0 | DK16: =IF(DJ16>0,DI16/DJ16-1,1) -> 1 | DL16: =Serviceorderfile_Current!$K677*Serviceorderfile_Current!$U677 -> 2.4686726 | DM16: =Serviceorderfile_PREVIOUS!$K677*Serviceorderfile_PREVIOUS!$U677 -> 0 | DN16: =IF(DM16>0,DL16/DM16-1,1) -> 1 | DO16: =Serviceorderfile_Current!$K676*Serviceorderfile_Current!$U676 -> 21.66946 | DP16: =Serviceorderfile_PREVIOUS!$K676*Serviceorderfile_PREVIOUS!$U676 -> 5.4859392 | DQ16: =IF(DP16>0,DO16/DP16-1,1) -> 2.95 | DR16: =Serviceorderfile_Current!$K678*Serviceorderfile_Current!$U678 -> 139.06856 | DS16: =Serviceorderfile_PREVIOUS!$K678*Serviceorderfile_PREVIOUS!$U678 -> 145.92598 | DT16: =IF(DS16>0,DR16/DS16-1,1) -> -0.046992481 | DU16: =Serviceorderfile_Current!$K679*Serviceorderfile_Current!$U679 -> 0 | DV16: =Serviceorderfile_PREVIOUS!$K679*Serviceorderfile_PREVIOUS!$U679 -> 0 | DW16: =IF(DV16>0,DU16/DV16-1,1) -> 1 | DX16: =Serviceorderfile_Current!$K673*Serviceorderfile_Current!$U673 -> 7.6803149 | DY16: =Serviceorderfile_PREVIOUS!$K673*Serviceorderfile_PREVIOUS!$U673 -> 0 | DZ16: =IF(DY16>0,DX16/DY16-1,1) -> 1 | EA16: =DI16+DL16+DO16+DR16+DU16+DX16 -> 796.83267 | EB16: =DJ16+DM16+DP16+DS16+DV16+DY16 -> 151.41192 | EC16: =IF(EB16>0,EA16/EB16-1,1) -> 4.2626812 | EE16: Qatar | EF16: =Serviceorderfile_Current!$V672 -> 0.99995408 | EG16: =Aged!E41 -> 0.87 | EH16: =Serviceorderfile_Current!$U667*Serviceorderfile_Current!$H667 -> 3286.3519 | EI16: =Serviceorderfile_PREVIOUS!$U667*Serviceorderfile_PREVIOUS!$H667 -> 3284.9804 | EJ16: =IF(EI16>0,EH16/EI16-1,1) -> 0.00041750167 | EK16: =Serviceorderfile_Current!$U669*Serviceorderfile_Current!$H669 -> 3819.3109 | EL16: =Serviceorderfile_PREVIOUS!$U669*Serviceorderfile_PREVIOUS!$H669 -> 3230.6696 | EM16: =IF(EL16>0,EK16/EL16-1,1) -> 0.18220411 | EN16: =Serviceorderfile_Current!$U668*Serviceorderfile_Current!$H668 -> 3927.6582 | EO16: =Serviceorderfile_PREVIOUS!$U668*Serviceorderfile_PREVIOUS!$H668 -> 3649.521 | EP16: =IF(EO16>0,EN16/EO16-1,1) -> 0.07621195 | EQ16: =Serviceorderfile_Current!$U670*Serviceorderfile_Current!$H670 -> 914.23177 | ER16: =Serviceorderfile_PREVIOUS!$U670*Serviceorderfile_PREVIOUS!$H670 -> 1099.1079 | ES16: =IF(ER16>0,EQ16/ER16-1,1) -> -0.16820564 | ET16: =Serviceorderfile_Current!$U671*Serviceorderfile_Current!$H671 -> 0 | EU16: =Serviceorderfile_PREVIOUS!$U671*Serviceorderfile_PREVIOUS!$H671 -> 0 | EV16: =IF(EU16>0,ET16/EU16-1,1) -> 1 | EX16: =Serviceorderfile_Current!$V665 -> 1 | EY16: =Aged!E94 -> 0.46 | EZ16: =Serviceorderfile_Current!$U669*Serviceorderfile_Current!$H669 -> 3819.3109 | FA16: =Serviceorderfile_PREVIOUS!$U669*Serviceorderfile_PREVIOUS!$H669 -> 3230.6696 | FB16: =IF(FA16>0,EZ16/FA16-1,1) -> 0.18220411 | FD16: =EZ16+ET16+EQ16+EN16+EK16+EH16 -> 15766.864 | FE16: =FA16+EU16+ER16+EO16+EL16+EI16 -> 14494.949 | FF16: =IF(FE16>0,FD16/FE16-1,1) -> 0.087748846
A17: Abu Dhabi | B17: =Serviceorderfile_Current!$W454 -> 356.40321 | C17: =Serviceorderfile_PREVIOUS!$W454 -> 178.61001 | D17: =IF(C17>0,B17/C17-1,1) -> 0.99542683 | E17: ='YOY Orders'!$J3 -> 683.40111 | F17: ='YOY Orders'!$B3 -> 236.33154 | G17: =IF(F17>0,E17/F17-1,1) -> 1.8917051 | H17: =Serviceorderfile_Current!$W456 -> 1512.7397 | I17: =Serviceorderfile_PREVIOUS!$W456 -> 182.96635 | J17: =IF(I17>0,H17/I17-1,1) -> 7.2678571 | K17: ='YOY Orders'!$K3 -> 1694.3447 | L17: ='YOY Orders'!$C3 -> 200.11945 | M17: =IF(L17>0,K17/L17-1,1) -> 7.4666667 | N17: =Serviceorderfile_Current!$W455 -> 1798.08 | O17: =Serviceorderfile_PREVIOUS!$W455 -> 572.58667 | P17: =IF(O17>0,N17/O17-1,1) -> 2.1402758 | Q17: ='YOY Orders'!$O3 -> 1996.2936 | R17: ='YOY Orders'!$G3 -> 1196.0881 | S17: =IF(R17>0,Q17/R17-1,1) -> 0.66901889 | T17: =Serviceorderfile_Current!$W457 -> 1379.0544 | U17: =Serviceorderfile_PREVIOUS!$W457 -> 1291.1108 | V17: =IF(U17>0,T17/U17-1,1) -> 0.06811472 | W17: ='YOY Orders'!$L3 -> 1274.7745 | X17: ='YOY Orders'!$D3 -> 673.87161 | Y17: =IF(X17>0,W17/X17-1,1) -> 0.89171717 | Z17: =Serviceorderfile_Current!$W458 -> 33.489377 | AA17: =Serviceorderfile_PREVIOUS!$W458 -> 1.0890854 | AB17: =IF(AA17>0,Z17/AA17-1,1) -> 29.75 | AC17: ='YOY Orders'!$N3 -> 33.489377 | AD17: ='YOY Orders'!$F3 -> 1.0890854 | AE17: =IF(AD17>0,AC17/AD17-1,1) -> 29.75 | AF17: =Serviceorderfile_Current!$W452 -> 162.546 | AG17: =Serviceorderfile_PREVIOUS!$W452 -> 109.99763 | AH17: =IF(AG17>0,AF17/AG17-1,1) -> 0.47772277 | AI17: ='YOY Orders'!$M3 -> 389.34804 | AJ17: ='YOY Orders'!$E3 -> 512.14242 | AK17: =IF(AJ17>0,AI17/AJ17-1,1) -> -0.23976608 | AL17: =B17+T17+Z17+AF17+N17+H17 -> 5242.3127 | AM17: =C17+U17+AA17+AG17+O17+I17 -> 2336.3605 | AN17: =IF(AM17>0,AL17/AM17-1,1) -> 1.2437944 | AO17: =E17+W17+AC17+AI17+Q17+K17 -> 6071.6513 | AP17: =F17+X17+AD17+AJ17+R17+L17 -> 2819.6422 | AQ17: =IF(AP17>0,AO17/AP17-1,1) -> 1.1533411 | AS17: Abu Dhabi | AT17: =Serviceorderfile_Current!$I454*Serviceorderfile_Current!$U454 -> 95.567247 | AU17: =Serviceorderfile_PREVIOUS!$I454*Serviceorderfile_PREVIOUS!$U454 -> 65.345126 | AV17: =IF(AU17>0,AT17/AU17-1,1) -> 0.4625 | AW17: =AT17/B17 -> 0.26814362 | AX17: =AU17/C17 -> 0.36585366 | AY17: =(AW17-AX17)*100 -> -9.7710037 | AZ17: =Serviceorderfile_Current!$I456*Serviceorderfile_Current!$U456 -> 288.33537 | BA17: =Serviceorderfile_PREVIOUS!$I456*Serviceorderfile_PREVIOUS!$U456 -> 91.755448 | BB17: =IF(BA17>0,AZ17/BA17-1,1) -> 2.1424332 | BC17: =AZ17/H17 -> 0.19060475 | BD17: =BA17/I17 -> 0.5014881 | BE17: =(BC17-BD17)*100 -> -31.088334 | BF17: =Serviceorderfile_Current!$I455*Serviceorderfile_Current!$U455 -> 281.25631 | BG17: =Serviceorderfile_PREVIOUS!$I455*Serviceorderfile_PREVIOUS!$U455 -> 223.26251 | BH17: =IF(BG17>0,BF17/BG17-1,1) -> 0.2597561 | BI17: =BF17/N17 -> 0.15642035 | BJ17: =BG17/O17 -> 0.38991916 | BK17: =(BI17-BJ17)*100 -> -23.349881 | BL17: =Serviceorderfile_Current!$I457*Serviceorderfile_Current!$U457 -> 162.546 | BM17: =Serviceorderfile_PREVIOUS!$I457*Serviceorderfile_PREVIOUS!$U457 -> 182.42181 | BN17: =IF(BM17>0,BL17/BM17-1,1) -> -0.10895522 | BO17: =BL17/T17 -> 0.11786772 | BP17: =BM17/U17 -> 0.14129059 | BQ17: =(BO17-BP17)*100 -> -2.3422875 | BR17: =Serviceorderfile_Current!$I458*Serviceorderfile_Current!$U458 -> 0 | BS17: =Serviceorderfile_PREVIOUS!$I458*Serviceorderfile_PREVIOUS!$U4595 -> 0 | BT17: =IF(BS17>0,BR17/BS17-1,1) -> 1 | BU17: =BR17/Z17 -> 0 | BV17: =BS17/AA17 -> 0 | BW17: =(BU17-BV17)*100 -> 0 | BX17: =Serviceorderfile_Current!$I452*Serviceorderfile_Current!$U452 -> 83.587307 | BY17: =Serviceorderfile_PREVIOUS!$I452*Serviceorderfile_PREVIOUS!$U452 -> 39.479347 | BZ17: =IF(BY17>0,BX17/BY17-1,1) -> 1.1172414 | CA17: =BX17/AF17 -> 0.51423786 | CB17: =BY17/AG17 -> 0.35891089 | CC17: =(CA17-CB17)*100 -> 15.532696 | CD17: =AT17+BL17+BR17+BX17+BF17 -> 622.95687 | CE17: =AU17+BM17+BS17+BY17+BG17 -> 510.5088 | CF17: =IF(CE17>0,CD17/CE17-1,1) -> 0.22026667 | CG17: =CD17/AL17 -> 0.11883245 | CH17: =CE17/AM17 -> 0.218506 | CI17: =(CG17-CH17)*100 -> -9.9673551 | CK17: Abu Dhabi | CL17: =Serviceorderfile_Current!$J454*Serviceorderfile_Current!$U454 -> 254.84599 | CM17: =Serviceorderfile_PREVIOUS!$J454*Serviceorderfile_PREVIOUS!$U454 -> 80.864593 | CN17: =IF(CM17>0,CL17/CM17-1,1) -> 2.1515152 | CO17: =Serviceorderfile_Current!$J456*Serviceorderfile_Current!$U456 -> 225.16841 | CP17: =Serviceorderfile_PREVIOUS!$J456*Serviceorderfile_PREVIOUS!$U456 -> 0 | CQ17: =IF(CP17>0,CO17/CP17-1,1) -> 1 | CR17: =Serviceorderfile_Current!$J455*Serviceorderfile_Current!$U455 -> 135.86341 | CS17: =Serviceorderfile_PREVIOUS!$J455*Serviceorderfile_PREVIOUS!$U455 -> 62.894684 | CT17: =IF(CS17>0,CR17/CS17-1,1) -> 1.1601732 | CU17: =Serviceorderfile_Current!$J457*Serviceorderfile_Current!$U457 -> 92.844533 | CV17: =Serviceorderfile_PREVIOUS!$J457*Serviceorderfile_PREVIOUS!$U457 -> 289.42445 | CW17: =IF(CV17>0,CU17/CV17-1,1) -> -0.67920978 | CX17: =Serviceorderfile_Current!$J458*Serviceorderfile_Current!$U458 -> 0 | CY17: =Serviceorderfile_PREVIOUS!$J458*Serviceorderfile_PREVIOUS!$U4595 -> 0 | CZ17: =IF(CY17>0,CX17/CY17-1,1) -> 1 | DA17: =Serviceorderfile_Current!$J452*Serviceorderfile_Current!$U452 -> 78.958694 | DB17: =Serviceorderfile_PREVIOUS!$J452*Serviceorderfile_PREVIOUS!$U452 -> 42.746603 | DC17: =IF(DB17>0,DA17/DB17-1,1) -> 0.84713376 | DD17: =CL17+CO17+CR17+CU17+CX17+DA17 -> 787.68104 | DE17: =CM17+CP17+CS17+CV17+CY17+DB17 -> 475.93033 | DF17: =IF(DE17>0,DD17/DE17-1,1) -> 0.65503432 | DH17: Abu Dhabi | DI17: =Serviceorderfile_Current!$K454*Serviceorderfile_Current!$U454 -> 3.2672563 | DJ17: =Serviceorderfile_PREVIOUS!$K454*Serviceorderfile_PREVIOUS!$U454 -> 0 | DK17: =IF(DJ17>0,DI17/DJ17-1,1) -> 1 | DL17: =Serviceorderfile_Current!$K456*Serviceorderfile_Current!$U456 -> 244.77195 | DM17: =Serviceorderfile_PREVIOUS!$K456*Serviceorderfile_PREVIOUS!$U456 -> 0 | DN17: =IF(DM17>0,DL17/DM17-1,1) -> 1 | DO17: =Serviceorderfile_Current!$K455*Serviceorderfile_Current!$U455 -> 336.79967 | DP17: =Serviceorderfile_PREVIOUS!$K455*Serviceorderfile_PREVIOUS!$U455 -> 49.281116 | DQ17: =IF(DP17>0,DO17/DP17-1,1) -> 5.8342541 | DR17: =Serviceorderfile_Current!$K457*Serviceorderfile_Current!$U457 -> 349.59642 | DS17: =Serviceorderfile_PREVIOUS!$K457*Serviceorderfile_PREVIOUS!$U457 -> 173.70913 | DT17: =IF(DS17>0,DR17/DS17-1,1) -> 1.0125392 | DU17: =Serviceorderfile_Current!$K458*Serviceorderfile_Current!$U458 -> 0 | DV17: =Serviceorderfile_PREVIOUS!$K458*Serviceorderfile_PREVIOUS!$U4595 -> 0 | DW17: =IF(DV17>0,DU17/DV17-1,1) -> 1 | DX17: =Serviceorderfile_Current!$K452*Serviceorderfile_Current!$U452 -> 0 | DY17: =Serviceorderfile_PREVIOUS!$K452*Serviceorderfile_PREVIOUS!$U452 -> 0 | DZ17: =IF(DY17>0,DX17/DY17-1,1) -> 1 | EA17: =DI17+DL17+DO17+DR17+DU17+DX17 -> 934.4353 | EB17: =DJ17+DM17+DP17+DS17+DV17+DY17 -> 222.99024 | EC17: =IF(EB17>0,EA17/EB17-1,1) -> 3.1904762 | EE17: Abu Dhabi | EF17: =Serviceorderfile_Current!$V451 -> 0.99894574 | EG17: =Aged!E28 -> 0.92 | EH17: =Serviceorderfile_Current!$U446*Serviceorderfile_Current!$H446 -> 4293.9916 | EI17: =Serviceorderfile_PREVIOUS!$U446*Serviceorderfile_PREVIOUS!$H446 -> 4229.191 | EJ17: =IF(EI17>0,EH17/EI17-1,1) -> 0.015322217 | EK17: =Serviceorderfile_Current!$U448*Serviceorderfile_Current!$H448 -> 6464.5389 | EL17: =Serviceorderfile_PREVIOUS!$U448*Serviceorderfile_PREVIOUS!$H448 -> 1924.1417 | EM17: =IF(EL17>0,EK17/EL17-1,1) -> 2.3597 | EN17: =Serviceorderfile_Current!$U447*Serviceorderfile_Current!$H447 -> 7732.2343 | EO17: =Serviceorderfile_PREVIOUS!$U447*Serviceorderfile_PREVIOUS!$H447 -> 5451.6894 | EP17: =IF(EO17>0,EN17/EO17-1,1) -> 0.41831893 | EQ17: =Serviceorderfile_Current!$U449*Serviceorderfile_Current!$H449 -> 878.61967 | ER17: =Serviceorderfile_PREVIOUS!$U449*Serviceorderfile_PREVIOUS!$H449 -> 2336.3605 | ES17: =IF(ER17>0,EQ17/ER17-1,1) -> -0.6239366 | ET17: =Serviceorderfile_Current!$U450*Serviceorderfile_Current!$H450 -> 0 | EU17: =Serviceorderfile_PREVIOUS!$U450*Serviceorderfile_PREVIOUS!$H450 -> 0 | EV17: =IF(EU17>0,ET17/EU17-1,1) -> 1 | EX17: =Serviceorderfile_Current!$V444 -> 0.95678503 | EY17: =Aged!E81 -> 0.35 | EZ17: =Serviceorderfile_Current!$U448*Serviceorderfile_Current!$H448 -> 6464.5389 | FA17: =Serviceorderfile_PREVIOUS!$U448*Serviceorderfile_PREVIOUS!$H448 -> 1924.1417 | FB17: =IF(FA17>0,EZ17/FA17-1,1) -> 2.3597 | FD17: =EZ17+ET17+EQ17+EN17+EK17+EH17 -> 25833.923 | FE17: =FA17+EU17+ER17+EO17+EL17+EI17 -> 15865.524 | FF17: =IF(FE17>0,FD17/FE17-1,1) -> 0.62830568
A18: Dubai | B18: =Serviceorderfile_Current!$W471 -> 1288.9326 | C18: =Serviceorderfile_PREVIOUS!$W471 -> 1200.7167 | D18: =IF(C18>0,B18/C18-1,1) -> 0.073469388 | E18: ='YOY Orders'!$J4 -> 2446.6304 | F18: ='YOY Orders'!$B4 -> 2001.739 | G18: =IF(F18>0,E18/F18-1,1) -> 0.22225245 | H18: =Serviceorderfile_Current!$W473 -> 1493.6807 | I18: =Serviceorderfile_PREVIOUS!$W473 -> 796.66599 | J18: =IF(I18>0,H18/I18-1,1) -> 0.87491456 | K18: ='YOY Orders'!$K4 -> 2190.9676 | L18: ='YOY Orders'!$C4 -> 2101.6626 | M18: =IF(L18>0,K18/L18-1,1) -> 0.042492551 | N18: =Serviceorderfile_Current!$W472 -> 1993.0263 | O18: =Serviceorderfile_PREVIOUS!$W472 -> 944.50934 | P18: =IF(O18>0,N18/O18-1,1) -> 1.1101182 | Q18: ='YOY Orders'!$O4 -> 2593.657 | R18: ='YOY Orders'!$G4 -> 900.12911 | S18: =IF(R18>0,Q18/R18-1,1) -> 1.8814277 | T18: =Serviceorderfile_Current!$W474 -> 4326.9364 | U18: =Serviceorderfile_PREVIOUS!$W474 -> 4582.327 | V18: =IF(U18>0,T18/U18-1,1) -> -0.055733809 | W18: ='YOY Orders'!$L4 -> 4111.842 | X18: ='YOY Orders'!$D4 -> 4103.9462 | Y18: =IF(X18>0,W18/X18-1,1) -> 0.00192397 | Z18: =Serviceorderfile_Current!$W475 -> 88.760463 | AA18: =Serviceorderfile_PREVIOUS!$W475 -> 59.355156 | AB18: =IF(AA18>0,Z18/AA18-1,1) -> 0.49541284 | AC18: ='YOY Orders'!$N4 -> 34.306191 | AD18: ='YOY Orders'!$F4 -> 43.835689 | AE18: =IF(AD18>0,AC18/AD18-1,1) -> -0.2173913 | AF18: =Serviceorderfile_Current!$W469 -> 119.7994 | AG18: =Serviceorderfile_PREVIOUS!$W469 -> 44.652503 | AH18: =IF(AG18>0,AF18/AG18-1,1) -> 1.6829268 | AI18: ='YOY Orders'!$M4 -> 87.671377 | AJ18: ='YOY Orders'!$E4 -> 719.88547 | AK18: =IF(AJ18>0,AI18/AJ18-1,1) -> -0.87821483 | AL18: =B18+T18+Z18+AF18+N18+H18 -> 9311.1359 | AM18: =C18+U18+AA18+AG18+O18+I18 -> 7628.2266 | AN18: =IF(AM18>0,AL18/AM18-1,1) -> 0.22061605 | AO18: =E18+W18+AC18+AI18+Q18+K18 -> 11465.075 | AP18: =F18+X18+AD18+AJ18+R18+L18 -> 9871.1981 | AQ18: =IF(AP18>0,AO18/AP18-1,1) -> 0.16146738 | AS18: Dubai | AT18: =Serviceorderfile_Current!$I471*Serviceorderfile_Current!$U471 -> 326.9979 | AU18: =Serviceorderfile_PREVIOUS!$I471*Serviceorderfile_PREVIOUS!$U471 -> 454.96544 | AV18: =IF(AU18>0,AT18/AU18-1,1) -> -0.2812687 | AW18: =AT18/B18 -> 0.25369666 | AX18: =AU18/C18 -> 0.37891156 | AY18: =(AW18-AX18)*100 -> -12.52149 | AZ18: =Serviceorderfile_Current!$I473*Serviceorderfile_Current!$U473 -> 678.7725 | BA18: =Serviceorderfile_PREVIOUS!$I473*Serviceorderfile_PREVIOUS!$U473 -> 448.15866 | BB18: =IF(BA18>0,AZ18/BA18-1,1) -> 0.5145808 | BC18: =AZ18/H18 -> 0.45442946 | BD18: =BA18/I18 -> 0.56254272 | BE18: =(BC18-BD18)*100 -> -10.811326 | BF18: =Serviceorderfile_Current!$I472*Serviceorderfile_Current!$U472 -> 296.77578 | BG18: =Serviceorderfile_PREVIOUS!$I472*Serviceorderfile_PREVIOUS!$U472 -> 255.93508 | BH18: =IF(BG18>0,BF18/BG18-1,1) -> 0.15957447 | BI18: =BF18/N18 -> 0.1489071 | BJ18: =BG18/O18 -> 0.27097146 | BK18: =(BI18-BJ18)*100 -> -12.206436 | BL18: =Serviceorderfile_Current!$I474*Serviceorderfile_Current!$U474 -> 566.05215 | BM18: =Serviceorderfile_PREVIOUS!$I474*Serviceorderfile_PREVIOUS!$U474 -> 428.01057 | BN18: =IF(BM18>0,BL18/BM18-1,1) -> 0.32251908 | BO18: =BL18/T18 -> 0.13082054 | BP18: =BM18/U18 -> 0.093404635 | BQ18: =(BO18-BP18)*100 -> 3.7415904 | BR18: =Serviceorderfile_Current!$I475*Serviceorderfile_Current!$U475 -> 19.875809 | BS18: =Serviceorderfile_PREVIOUS!$I475*Serviceorderfile_PREVIOUS!$U475 -> 3.2672563 | BT18: =IF(BS18>0,BR18/BS18-1,1) -> 5.0833333 | BU18: =BR18/Z18 -> 0.22392638 | BV18: =BS18/AA18 -> 0.055045872 | BW18: =(BU18-BV18)*100 -> 16.888051 | BX18: =Serviceorderfile_Current!$I469*Serviceorderfile_Current!$U469 -> 56.0879 | BY18: =Serviceorderfile_PREVIOUS!$I469*Serviceorderfile_PREVIOUS!$U469 -> 44.652503 | BZ18: =IF(BY18>0,BX18/BY18-1,1) -> 0.25609756 | CA18: =BX18/AF18 -> 0.46818182 | CB18: =BY18/AG18 -> 1 | CC18: =(CA18-CB18)*100 -> -53.181818 | CD18: =AT18+BL18+BR18+BX18+BF18 -> 1265.7895 | CE18: =AU18+BM18+BS18+BY18+BG18 -> 1186.8308 | CF18: =IF(CE18>0,CD18/CE18-1,1) -> 0.06652902 | CG18: =CD18/AL18 -> 0.13594362 | CH18: =CE18/AM18 -> 0.15558411 | CI18: =(CG18-CH18)*100 -> -1.9640487 | CK18: Dubai | CL18: =Serviceorderfile_Current!$J471*Serviceorderfile_Current!$U471 -> 485.18756 | CM18: =Serviceorderfile_PREVIOUS!$J471*Serviceorderfile_PREVIOUS!$U471 -> 39.751618 | CN18: =IF(CM18>0,CL18/CM18-1,1) -> 11.205479 | CO18: =Serviceorderfile_Current!$J473*Serviceorderfile_Current!$U473 -> 317.19613 | CP18: =Serviceorderfile_PREVIOUS!$J473*Serviceorderfile_PREVIOUS!$U473 -> 114.89851 | CQ18: =IF(CP18>0,CO18/CP18-1,1) -> 1.7606635 | CR18: =Serviceorderfile_Current!$J472*Serviceorderfile_Current!$U472 -> 344.69554 | CS18: =Serviceorderfile_PREVIOUS!$J472*Serviceorderfile_PREVIOUS!$U472 -> 75.419166 | CT18: =IF(CS18>0,CR18/CS18-1,1) -> 3.5703971 | CU18: =Serviceorderfile_Current!$J474*Serviceorderfile_Current!$U474 -> 335.16604 | CV18: =Serviceorderfile_PREVIOUS!$J474*Serviceorderfile_PREVIOUS!$U474 -> 1030.8194 | CW18: =IF(CV18>0,CU18/CV18-1,1) -> -0.67485473 | CX18: =Serviceorderfile_Current!$J475*Serviceorderfile_Current!$U475 -> 42.746603 | CY18: =Serviceorderfile_PREVIOUS!$J475*Serviceorderfile_PREVIOUS!$U475 -> 4.0840704 | CZ18: =IF(CY18>0,CX18/CY18-1,1) -> 9.4666667 | DA18: =Serviceorderfile_Current!$J469*Serviceorderfile_Current!$U469 -> 63.711498 | DB18: =Serviceorderfile_PREVIOUS!$J469*Serviceorderfile_PREVIOUS!$U469 -> 0 | DC18: =IF(DB18>0,DA18/DB18-1,1) -> 1 | DD18: =CL18+CO18+CR18+CU18+CX18+DA18 -> 1588.7034 | DE18: =CM18+CP18+CS18+CV18+CY18+DB18 -> 1264.9727 | DF18: =IF(DE18>0,DD18/DE18-1,1) -> 0.25591907 | DH18: Dubai | DI18: =Serviceorderfile_Current!$K471*Serviceorderfile_Current!$U471 -> 337.34421 | DJ18: =Serviceorderfile_PREVIOUS!$K471*Serviceorderfile_PREVIOUS!$U471 -> 174.52594 | DK18: =IF(DJ18>0,DI18/DJ18-1,1) -> 0.93291732 | DL18: =Serviceorderfile_Current!$K473*Serviceorderfile_Current!$U473 -> 173.9814 | DM18: =Serviceorderfile_PREVIOUS!$K473*Serviceorderfile_PREVIOUS!$U473 -> 8.4404121 | DN18: =IF(DM18>0,DL18/DM18-1,1) -> 19.612903 | DO18: =Serviceorderfile_Current!$K472*Serviceorderfile_Current!$U472 -> 266.00912 | DP18: =Serviceorderfile_PREVIOUS!$K472*Serviceorderfile_PREVIOUS!$U472 -> 99.379046 | DQ18: =IF(DP18>0,DO18/DP18-1,1) -> 1.6767123 | DR18: =Serviceorderfile_Current!$K474*Serviceorderfile_Current!$U474 -> 898.22321 | DS18: =Serviceorderfile_PREVIOUS!$K474*Serviceorderfile_PREVIOUS!$U474 -> 233.60883 | DT18: =IF(DS18>0,DR18/DS18-1,1) -> 2.8449883 | DU18: =Serviceorderfile_Current!$K475*Serviceorderfile_Current!$U475 -> 0 | DV18: =Serviceorderfile_PREVIOUS!$K475*Serviceorderfile_PREVIOUS!$U475 -> 25.865779 | DW18: =IF(DV18>0,DU18/DV18-1,1) -> -1 | DX18: =Serviceorderfile_Current!$K469*Serviceorderfile_Current!$U469 -> 0 | DY18: =Serviceorderfile_PREVIOUS!$K469*Serviceorderfile_PREVIOUS!$U469 -> 0 | DZ18: =IF(DY18>0,DX18/DY18-1,1) -> 1 | EA18: =DI18+DL18+DO18+DR18+DU18+DX18 -> 1675.5579 | EB18: =DJ18+DM18+DP18+DS18+DV18+DY18 -> 541.82 | EC18: =IF(EB18>0,EA18/EB18-1,1) -> 2.0924623 | EE18: Dubai | EF18: =Serviceorderfile_Current!$V468 -> 1 | EG18: =Aged!E29 -> 0.8 | EH18: =Serviceorderfile_Current!$U463*Serviceorderfile_Current!$H463 -> 28444.461 | EI18: =Serviceorderfile_PREVIOUS!$U463*Serviceorderfile_PREVIOUS!$H463 -> 27188.473 | EJ18: =IF(EI18>0,EH18/EI18-1,1) -> 0.046195598 | EK18: =Serviceorderfile_Current!$U465*Serviceorderfile_Current!$H465 -> 33050.476 | EL18: =Serviceorderfile_PREVIOUS!$U465*Serviceorderfile_PREVIOUS!$H465 -> 30642.235 | EM18: =IF(EL18>0,EK18/EL18-1,1) -> 0.078592183 | EN18: =Serviceorderfile_Current!$U464*Serviceorderfile_Current!$H464 -> 7014.2547 | EO18: =Serviceorderfile_PREVIOUS!$U464*Serviceorderfile_PREVIOUS!$H464 -> 4222.9288 | EP18: =IF(EO18>0,EN18/EO18-1,1) -> 0.66099291 | EQ18: =Serviceorderfile_Current!$U466*Serviceorderfile_Current!$H466 -> 7655.1815 | ER18: =Serviceorderfile_PREVIOUS!$U466*Serviceorderfile_PREVIOUS!$H466 -> 7724.3384 | ES18: =IF(ER18>0,EQ18/ER18-1,1) -> -0.0089531195 | ET18: =Serviceorderfile_Current!$U467*Serviceorderfile_Current!$H467 -> 15.519467 | EU18: =Serviceorderfile_PREVIOUS!$U467*Serviceorderfile_PREVIOUS!$H467 -> 109.45309 | EV18: =IF(EU18>0,ET18/EU18-1,1) -> -0.85820896 | EX18: =Serviceorderfile_Current!$V461 -> 1 | EY18: =Aged!E82 -> 0.26 | EZ18: =Serviceorderfile_Current!$U465*Serviceorderfile_Current!$H465 -> 33050.476 | FA18: =Serviceorderfile_PREVIOUS!$U465*Serviceorderfile_PREVIOUS!$H465 -> 30642.235 | FB18: =IF(FA18>0,EZ18/FA18-1,1) -> 0.078592183 | FD18: =EZ18+ET18+EQ18+EN18+EK18+EH18 -> 109230.37 | FE18: =FA18+EU18+ER18+EO18+EL18+EI18 -> 100529.66 | FF18: =IF(FE18>0,FD18/FE18-1,1) -> 0.086548618
A19: MEA | B19: =SUM(B4:B18) -> 4993.127 | C19: =SUM(C4:C18) -> 3920.5494 | D19: =IF(C19>0,B19/C19-1,1) -> 0.27357842 | E19: =SUM(E4:E18) -> 6978.6171 | F19: =SUM(F4:F18) -> 5495.9402 | G19: =IF(F19>0,E19/F19-1,1) -> 0.26977677 | H19: =SUM(H4:H18) -> 6946.4213 | I19: =SUM(I4:I18) -> 3818.835 | J19: =IF(I19>0,H19/I19-1,1) -> 0.81898962 | K19: =SUM(K4:K18) -> 6520.4893 | L19: =SUM(L4:L18) -> 3815.3889 | M19: =IF(L19>0,K19/L19-1,1) -> 0.70899729 | N19: =SUM(N4:N18) -> 6305.9801 | O19: =SUM(O4:O18) -> 4081.1282 | P19: =IF(O19>0,N19/O19-1,1) -> 0.54515607 | Q19: =SUM(Q4:Q18) -> 9119.4948 | R19: =SUM(R4:R18) -> 5812.7197 | S19: =IF(R19>0,Q19/R19-1,1) -> 0.56888605 | T19: =SUM(T4:T18) -> 9168.7008 | U19: =SUM(U4:U18) -> 8315.7509 | V19: =IF(U19>0,T19/U19-1,1) -> 0.1025704 | W19: =SUM(W4:W18) -> 8713.5168 | X19: =SUM(X4:X18) -> 7153.0397 | Y19: =IF(X19>0,W19/X19-1,1) -> 0.21815579 | Z19: =SUM(Z4:Z18) -> 559.954 | AA19: =SUM(AA4:AA18) -> 488.45714 | AB19: =IF(AA19>0,Z19/AA19-1,1) -> 0.14637284 | AC19: =SUM(AC4:AC18) -> 1024.971 | AD19: =SUM(AD4:AD18) -> 2025.0487 | AE19: =IF(AD19>0,AC19/AD19-1,1) -> -0.49385364 | AF19: =SUM(AF4:AF18) -> 2080.2479 | AG19: =SUM(AG4:AG18) -> 1278.564 | AH19: =IF(AG19>0,AF19/AG19-1,1) -> 0.62701892 | AI19: =SUM(AI4:AI18) -> 5285.2979 | AJ19: =SUM(AJ4:AJ18) -> 6153.9031 | AK19: =IF(AJ19>0,AI19/AJ19-1,1) -> -0.14114704 | AL19: =B19+T19+Z19+AF19+N19+H19 -> 30054.431 | AM19: =C19+U19+AA19+AG19+O19+I19 -> 21903.285 | AN19: =IF(AM19>0,AL19/AM19-1,1) -> 0.37214265 | AO19: =E19+W19+AC19+AI19+Q19+K19 -> 37642.387 | AP19: =F19+X19+AD19+AJ19+R19+L19 -> 30456.04 | AQ19: =IF(AP19>0,AO19/AP19-1,1) -> 0.23595801 | AS19: MEA | AT19: =SUM(AT4:AT18) -> 1135.2763 | AU19: =SUM(AU4:AU18) -> 1414.7672 | AV19: =IF(AU19>0,AT19/AU19-1,1) -> -0.19755255 | AW19: =AT19/B19 -> 0.2273678 | AX19: =AU19/C19 -> 0.36085942 | AY19: =IF(AX19>0,AW19/AX19-1,1) -> -0.36992694 | AZ19: =SUM(AZ4:AZ18) -> 2255.6124 | BA19: =SUM(BA4:BA18) -> 1293.5627 | BB19: =IF(BA19>0,AZ19/BA19-1,1) -> 0.74372094 | BC19: =AZ19/H19 -> 0.32471575 | BD19: =BA19/I19 -> 0.33873228 | BE19: =IF(BD19>0,BC19/BD19-1,1) -> -0.041379393 | BF19: =SUM(BF4:BF18) -> 1324.3944 | BG19: =SUM(BG4:BG18) -> 1366.3905 | BH19: =IF(BG19>0,BF19/BG19-1,1) -> -0.030735102 | BI19: =BF19/N19 -> 0.21002197 | BJ19: =BG19/O19 -> 0.33480706 | BK19: =IF(BJ19>0,BI19/BJ19-1,1) -> -0.37270744 | BL19: =SUM(BL4:BL18) -> 1440.395 | BM19: =SUM(BM4:BM18) -> 953.086 | BN19: =IF(BM19>0,BL19/BM19-1,1) -> 0.5112959 | BO19: =BL19/T19 -> 0.15709913 | BP19: =BM19/U19 -> 0.11461214 | BQ19: =IF(BP19>0,BO19/BP19-1,1) -> 0.37070241 | BR19: =SUM(BR4:BR18) -> 331.25317 | BS19: =SUM(BS4:BS18) -> 270.31649 | BT19: =IF(BS19>0,BR19/BS19-1,1) -> 0.22542716 | BU19: =BR19/Z19 -> 0.59157211 | BV19: =BS19/AA19 -> 0.55340882 | BW19: =IF(BV19>0,BU19/BV19-1,1) -> 0.068960392 | BX19: =SUM(BX4:BX18) -> 817.98342 | BY19: =SUM(BY4:BY18) -> 755.73843 | BZ19: =IF(BY19>0,BX19/BY19-1,1) -> 0.082363143 | CA19: =BX19/AF19 -> 0.3932144 | CB19: =BY19/AG19 -> 0.59108375 | CC19: =IF(CB19>0,CA19/CB19-1,1) -> -0.33475688 | CD19: =AT19+BL19+BR19+BX19+BF19+AZ19 -> 7304.9146 | CE19: =AU19+BM19+BS19+BY19+BG19+BA19 -> 6053.8613 | CF19: =IF(CE19>0,CD19/CE19-1,1) -> 0.20665377 | CG19: =CD19/AL19 -> 0.24305616 | CH19: =CE19/AM19 -> 0.27639057 | CI19: =(CG19-CH19)*100 -> -3.3334409 | CK19: MEA | CL19: =SUM(CL4:CL18) -> 1350.8374 | CM19: =SUM(CM4:CM18) -> 408.50573 | CN19: =IF(CM19>0,CL19/CM19-1,1) -> 2.3067772 | CO19: =SUM(CO4:CO18) -> 816.01596 | CP19: =SUM(CP4:CP18) -> 423.48702 | CQ19: =IF(CP19>0,CO19/CP19-1,1) -> 0.92689722 | CR19: =SUM(CR4:CR18) -> 863.55392 | CS19: =SUM(CS4:CS18) -> 664.30369 | CT19: =IF(CS19>0,CR19/CS19-1,1) -> 0.29993846 | CU19: =SUM(CU4:CU18) -> 875.3554 | CV19: =SUM(CV4:CV18) -> 1705.1708 | CW19: =IF(CV19>0,CU19/CV19-1,1) -> -0.48664651 | CX19: =SUM(CX4:CX18) -> 76.16109 | CY19: =SUM(CY4:CY18) -> 75.951862 | CZ19: =IF(CY19>0,CX19/CY19-1,1) -> 0.0027547534 | DA19: =SUM(DA4:DA18) -> 655.00846 | DB19: =SUM(DB4:DB18) -> 314.85142 | DC19: =IF(DB19>0,DA19/DB19-1,1) -> 1.0803732 | DD19: =CL19+CO19+CR19+CU19+CX19+DA19 -> 4636.9323 | DE19: =CM19+CP19+CS19+CV19+CY19+DB19 -> 3592.2706 | DF19: =IF(DE19>0,DD19/DE19-1,1) -> 0.29080818 | DH19: MEA | DI19: =SUM(DI4:DI18) -> 1129.556 | DJ19: =SUM(DJ4:DJ18) -> 259.76102 | DK19: =IF(DJ19>0,DI19/DJ19-1,1) -> 3.3484429 | DL19: =SUM(DL4:DL18) -> 872.25036 | DM19: =SUM(DM4:DM18) -> 119.40619 | DN19: =IF(DM19>0,DL19/DM19-1,1) -> 6.3049007 | DO19: =SUM(DO4:DO18) -> 867.24399 | DP19: =SUM(DP4:DP18) -> 376.86068 | DQ19: =IF(DP19>0,DO19/DP19-1,1) -> 1.3012323 | DR19: =SUM(DR4:DR18) -> 1676.0693 | DS19: =SUM(DS4:DS18) -> 773.55824 | DT19: =IF(DS19>0,DR19/DS19-1,1) -> 1.1667008 | DU19: =SUM(DU4:DU18) -> 8.8639075 | DV19: =SUM(DV4:DV18) -> 37.194723 | DW19: =IF(DV19>0,DU19/DV19-1,1) -> -0.76168911 | DX19: =SUM(DX4:DX18) -> 150.9138 | DY19: =SUM(DY4:DY18) -> 92.328944 | DZ19: =IF(DY19>0,DX19/DY19-1,1) -> 0.63452324 | EA19: =DI19+DL19+DO19+DR19+DU19+DX19 -> 4704.8973 | EB19: =DJ19+DM19+DP19+DS19+DV19+DY19 -> 1659.1098 | EC19: =IF(EB19>0,EA19/EB19-1,1) -> 1.8357962 | EE19: MEA | EH19: =SUM(EH4:EH18) -> 51157.577 | EI19: =SUM(EI4:EI18) -> 51749.38 | EJ19: =IF(EI19>0,EH19/EI19-1,1) -> -0.011435947 | EK19: =SUM(EK4:EK18) -> 56001.951 | EL19: =SUM(EL4:EL18) -> 50160.926 | EM19: =IF(EL19>0,EK19/EL19-1,1) -> 0.11644571 | EN19: =SUM(EN4:EN18) -> 32167.117 | EO19: =SUM(EO4:EO18) -> 19534.55 | EP19: =IF(EO19>0,EN19/EO19-1,1) -> 0.64667822 | EQ19: =SUM(EQ4:EQ18) -> 12318.881 | ER19: =SUM(ER4:ER18) -> 14468.125 | ES19: =IF(ER19>0,EQ19/ER19-1,1) -> -0.14855027 | ET19: =SUM(ET4:ET18) -> 437.3351 | EU19: =SUM(EU4:EU18) -> 161.56153 | EV19: =IF(EU19>0,ET19/EU19-1,1) -> 1.7069259 | EZ19: =SUM(EZ4:EZ18) -> 56001.951 | FA19: =SUM(FA4:FA18) -> 50196.337 | FB19: =IF(FA19>0,EZ19/FA19-1,1) -> 0.11565812 | FD19: =EZ19+ET19+EQ19+EN19+EK19+EH19 -> 208084.81 | FE19: =FA19+EU19+ER19+EO19+EL19+EI19 -> 186270.88 | FF19: =IF(FE19>0,FD19/FE19-1,1) -> 0.11710866
A21: Croatia | B21: =Serviceorderfile_Current!$W165 -> 77.55 | C21: =Serviceorderfile_PREVIOUS!$W165 -> 57.575 | D21: =IF(C21>0,B21/C21-1,1) -> 0.34693878 | E21: ='YOY Orders'!$J6 -> 278.475 | F21: ='YOY Orders'!$B6 -> 178.6 | G21: =IF(F21>0,E21/F21-1,1) -> 0.55921053 | H21: =Serviceorderfile_Current!$W167 -> 11.75 | I21: =Serviceorderfile_PREVIOUS!$W167 -> 15.275 | J21: =IF(I21>0,H21/I21-1,1) -> -0.23076923 | K21: ='YOY Orders'!$K6 -> 139.825 | L21: ='YOY Orders'!$C6 -> 15.275 | M21: =IF(L21>0,K21/L21-1,1) -> 8.1538462 | N21: =Serviceorderfile_Current!$W166 -> 0 | O21: =Serviceorderfile_PREVIOUS!$W166 -> 0 | P21: =IF(O21>0,N21/O21-1,1) -> 1 | Q21: ='YOY Orders'!$O6 -> 65.8 | R21: ='YOY Orders'!$G6 -> 23.5 | S21: =IF(R21>0,Q21/R21-1,1) -> 1.8 | T21: =Serviceorderfile_Current!$W168 -> 28.2 | U21: =Serviceorderfile_PREVIOUS!$W168 -> 56.4 | V21: =IF(U21>0,T21/U21-1,1) -> -0.5 | W21: ='YOY Orders'!$L6 -> 17.625 | X21: ='YOY Orders'!$D6 -> 55.225 | Y21: =IF(X21>0,W21/X21-1,1) -> -0.68085106 | Z21: =Serviceorderfile_Current!$W169 -> 1.175 | AA21: =Serviceorderfile_PREVIOUS!$W169 -> 1.175 | AB21: =IF(AA21>0,Z21/AA21-1,1) -> 0 | AC21: ='YOY Orders'!$N6 -> 5.875 | AD21: ='YOY Orders'!$F6 -> 3.525 | AE21: =IF(AD21>0,AC21/AD21-1,1) -> 0.66666667 | AF21: =Serviceorderfile_Current!$W163 -> 4.7 | AG21: =Serviceorderfile_PREVIOUS!$W163 -> 0 | AH21: =IF(AG21>0,AF21/AG21-1,1) -> 1 | AI21: ='YOY Orders'!$M6 -> 16.45 | AJ21: ='YOY Orders'!$E6 -> 22.325 | AK21: =IF(AJ21>0,AI21/AJ21-1,1) -> -0.26315789 | AL21: =B21+T21+Z21+AF21+N21+H21 -> 123.375 | AM21: =C21+U21+AA21+AG21+O21+I21 -> 130.425 | AN21: =IF(AM21>0,AL21/AM21-1,1) -> -0.054054054 | AO21: =E21+W21+AC21+AI21+Q21+K21 -> 524.05 | AP21: =F21+X21+AD21+AJ21+R21+L21 -> 298.45 | AQ21: =IF(AP21>0,AO21/AP21-1,1) -> 0.75590551 | AS21: Croatia | AT21: =Serviceorderfile_Current!$I165*Serviceorderfile_Current!$U165 -> 69.325 | AU21: =Serviceorderfile_PREVIOUS!$I165*Serviceorderfile_PREVIOUS!$U165 -> 57.575 | AV21: =IF(AU21>0,AT21/AU21-1,1) -> 0.20408163 | AW21: =AT21/B21 -> 0.89393939 | AX21: =AU21/C21 -> 1 | AY21: =(AW21-AX21)*100 -> -10.606061 | AZ21: =Serviceorderfile_Current!$I167*Serviceorderfile_Current!$U167 -> 11.75 | BA21: =Serviceorderfile_PREVIOUS!$I167*Serviceorderfile_PREVIOUS!$U167 -> 15.275 | BB21: =IF(BA21>0,AZ21/BA21-1,1) -> -0.23076923 | BC21: =AZ21/H21 -> 1 | BD21: =BA21/I21 -> 1 | BE21: =(BC21-BD21)*100 -> 0 | BF21: =Serviceorderfile_Current!$I166*Serviceorderfile_Current!$U166 -> 0 | BG21: =Serviceorderfile_PREVIOUS!$I166*Serviceorderfile_PREVIOUS!$U166 -> 0 | BH21: =IF(BG21>0,BF21/BG21-1,1) -> 1 | BI21: =BF21/N21 -> #DIV/0! | BJ21: =BG21/O21 -> #DIV/0! | BK21: =(BI21-BJ21)*100 -> #DIV/0! | BL21: =Serviceorderfile_Current!$I168*Serviceorderfile_Current!$U168 -> 9.4 | BM21: =Serviceorderfile_PREVIOUS!$I168*Serviceorderfile_PREVIOUS!$U168 -> 15.275 | BN21: =IF(BM21>0,BL21/BM21-1,1) -> -0.38461538 | BO21: =BL21/T21 -> 0.33333333 | BP21: =BM21/U21 -> 0.27083333 | BQ21: =(BO21-BP21)*100 -> 6.25 | BR21: =Serviceorderfile_Current!$I169*Serviceorderfile_Current!$U169 -> 1.175 | BS21: =Serviceorderfile_PREVIOUS!$I169*Serviceorderfile_PREVIOUS!$U169 -> 1.175 | BT21: =IF(BS21>0,BR21/BS21-1,1) -> 0 | BU21: =BR21/Z21 -> 1 | BV21: =BS21/AA21 -> 1 | BW21: =(BU21-BV21)*100 -> 0 | BX21: =Serviceorderfile_Current!$I163*Serviceorderfile_Current!$U165 -> 4.7 | BY21: =Serviceorderfile_PREVIOUS!$I163*Serviceorderfile_PREVIOUS!$U165 -> 0 | BZ21: =IF(BY21>0,BX21/BY21-1,1) -> 1 | CA21: =BX21/AF21 -> 1 | CB21: =BY21/AG21 -> #DIV/0! | CC21: =(CA21-CB21)*100 -> #DIV/0! | CD21: =AT21+BL21+BR21+BX21+BF21+AZ21 -> 96.35 | CE21: =AU21+BM21+BS21+BY21+BG21+BA21 -> 89.3 | CF21: =IF(CE21>0,CD21/CE21-1,1) -> 0.078947368 | CG21: =CD21/AL21 -> 0.78095238 | CH21: =CE21/AM21 -> 0.68468468 | CI21: =(CG21-CH21)*100 -> 9.6267696 | CK21: Croatia | CL21: =Serviceorderfile_Current!$J165*Serviceorderfile_Current!$U165 -> 5.875 | CM21: =Serviceorderfile_PREVIOUS!$J165*Serviceorderfile_PREVIOUS!$U165 -> 0 | CN21: =IF(CM21>0,CL21/CM21-1,1) -> 1 | CO21: =Serviceorderfile_Current!$J167*Serviceorderfile_Current!$U167 -> 0 | CP21: =Serviceorderfile_PREVIOUS!$J167*Serviceorderfile_PREVIOUS!$U167 -> 0 | CQ21: =IF(CP21>0,CO21/CP21-1,1) -> 1 | CR21: =Serviceorderfile_Current!$J166*Serviceorderfile_Current!$U166 -> 0 | CS21: =Serviceorderfile_PREVIOUS!$J166*Serviceorderfile_PREVIOUS!$U166 -> 0 | CT21: =IF(CS21>0,CR21/CS21-1,1) -> 1 | CU21: =Serviceorderfile_Current!$J168*Serviceorderfile_Current!$U168 -> 7.05 | CV21: =Serviceorderfile_PREVIOUS!$J168*Serviceorderfile_PREVIOUS!$U168 -> 2.35 | CW21: =IF(CV21>0,CU21/CV21-1,1) -> 2 | CX21: =Serviceorderfile_Current!$J169*Serviceorderfile_Current!$U169 -> 0 | CY21: =Serviceorderfile_PREVIOUS!$J169*Serviceorderfile_PREVIOUS!$U169 -> 0 | CZ21: =IF(CY21>0,CX21/CY21-1,1) -> 1 | DA21: =Serviceorderfile_Current!$J163*Serviceorderfile_Current!$U165 -> 0 | DB21: =Serviceorderfile_PREVIOUS!$J163*Serviceorderfile_PREVIOUS!$U165 -> 0 | DC21: =IF(DB21>0,DA21/DB21-1,1) -> 1 | DD21: =CL21+CO21+CR21+CU21+CX21+DA21 -> 12.925 | DE21: =CM21+CP21+CS21+CV21+CY21+DB21 -> 2.35 | DF21: =IF(DE21>0,DD21/DE21-1,1) -> 4.5 | DH21: Croatia | DI21: =Serviceorderfile_Current!$K165*Serviceorderfile_Current!$U165 -> 1.175 | DJ21: =Serviceorderfile_PREVIOUS!$K165*Serviceorderfile_PREVIOUS!$U165 -> 0 | DK21: =IF(DJ21>0,DI21/DJ21-1,1) -> 1 | DL21: =Serviceorderfile_Current!$K167*Serviceorderfile_Current!$U167 -> 0 | DM21: =Serviceorderfile_PREVIOUS!$K167*Serviceorderfile_PREVIOUS!$U167 -> 0 | DN21: =IF(DM21>0,DL21/DM21-1,1) -> 1 | DO21: =Serviceorderfile_Current!$K166*Serviceorderfile_Current!$U166 -> 0 | DP21: =Serviceorderfile_PREVIOUS!$K166*Serviceorderfile_PREVIOUS!$U166 -> 0 | DQ21: =IF(DP21>0,DO21/DP21-1,1) -> 1 | DR21: =Serviceorderfile_Current!$K168*Serviceorderfile_Current!$U168 -> 0 | DS21: =Serviceorderfile_PREVIOUS!$K168*Serviceorderfile_PREVIOUS!$U168 -> 2.35 | DT21: =IF(DS21>0,DR21/DS21-1,1) -> -1 | DU21: =Serviceorderfile_Current!$K169*Serviceorderfile_Current!$U169 -> 0 | DV21: =Serviceorderfile_PREVIOUS!$K169*Serviceorderfile_PREVIOUS!$U169 -> 0 | DW21: =IF(DV21>0,DU21/DV21-1,1) -> 1 | DX21: =Serviceorderfile_Current!$K163*Serviceorderfile_Current!$U165 -> 0 | DY21: =Serviceorderfile_PREVIOUS!$K163*Serviceorderfile_PREVIOUS!$U165 -> 0 | DZ21: =IF(DY21>0,DX21/DY21-1,1) -> 1 | EA21: =DI21+DL21+DO21+DR21+DU21+DX21 -> 1.175 | EB21: =DJ21+DM21+DP21+DS21+DV21+DY21 -> 2.35 | EC21: =IF(EB21>0,EA21/EB21-1,1) -> -0.5 | EE21: Croatia | EF21: =Serviceorderfile_Current!$V162 -> 0.98192771 | EG21: =Aged!E11 -> 0.57 | EH21: =Serviceorderfile_Current!$U157*Serviceorderfile_Current!$H157 -> 129.25 | EI21: =Serviceorderfile_PREVIOUS!$U157*Serviceorderfile_PREVIOUS!$H157 -> 185.65 | EJ21: =IF(EI21>0,EH21/EI21-1,1) -> -0.30379747 | EK21: =Serviceorderfile_Current!$U159*Serviceorderfile_Current!$H159 -> 304.325 | EL21: =Serviceorderfile_PREVIOUS!$U159*Serviceorderfile_PREVIOUS!$H159 -> 210.325 | EM21: =IF(EL21>0,EK21/EL21-1,1) -> 0.44692737 | EN21: =Serviceorderfile_Current!$U158*Serviceorderfile_Current!$H158 -> 125.725 | EO21: =Serviceorderfile_PREVIOUS!$U158*Serviceorderfile_PREVIOUS!$H158 -> 89.3 | EP21: =IF(EO21>0,EN21/EO21-1,1) -> 0.40789474 | EQ21: =Serviceorderfile_Current!$U160*Serviceorderfile_Current!$H160 -> 25.85 | ER21: =Serviceorderfile_PREVIOUS!$U160*Serviceorderfile_PREVIOUS!$H160 -> 29.375 | ES21: =IF(ER21>0,EQ21/ER21-1,1) -> -0.12 | ET21: =Serviceorderfile_Current!$U161*Serviceorderfile_Current!$H161 -> 3.525 | EU21: =Serviceorderfile_PREVIOUS!$U161*Serviceorderfile_PREVIOUS!$H161 -> 1.175 | EV21: =IF(EU21>0,ET21/EU21-1,1) -> 2 | EX21: =Serviceorderfile_Current!$V155 -> 0.95959596 | EY21: =Aged!E64 -> 0.04 | EZ21: =Serviceorderfile_Current!$U155*Serviceorderfile_Current!$H155 -> 116.325 | FA21: =Serviceorderfile_PREVIOUS!$U155*Serviceorderfile_PREVIOUS!$H155 -> 146.875 | FB21: =IF(FA21>0,EZ21/FA21-1,1) -> -0.208 | FD21: =EZ21+ET21+EQ21+EN21+EK21+EH21 -> 705 | FE21: =FA21+EU21+ER21+EO21+EL21+EI21 -> 662.7 | FF21: =IF(FE21>0,FD21/FE21-1,1) -> 0.063829787
A22: Czech | B22: =Serviceorderfile_Current!$W182 -> 410.688 | C22: =Serviceorderfile_PREVIOUS!$W182 -> 163.008 | D22: =IF(C22>0,B22/C22-1,1) -> 1.5194346 | E22: ='YOY Orders'!$J7 -> 818.064 | F22: ='YOY Orders'!$B7 -> 689.808 | G22: =IF(F22>0,E22/F22-1,1) -> 0.18593 | H22: =Serviceorderfile_Current!$W184 -> 1005.84 | I22: =Serviceorderfile_PREVIOUS!$W184 -> 283.968 | J22: =IF(I22>0,H22/I22-1,1) -> 2.5420892 | K22: ='YOY Orders'!$K7 -> 1909.536 | L22: ='YOY Orders'!$C7 -> 735.6 | M22: =IF(L22>0,K22/L22-1,1) -> 1.5958891 | N22: =Serviceorderfile_Current!$W183 -> 1825.44 | O22: =Serviceorderfile_PREVIOUS!$W183 -> 765.6 | P22: =IF(O22>0,N22/O22-1,1) -> 1.384326 | Q22: ='YOY Orders'!$O7 -> 2619.744 | R22: ='YOY Orders'!$G7 -> 1573.68 | S22: =IF(R22>0,Q22/R22-1,1) -> 0.66472472 | T22: =Serviceorderfile_Current!$W185 -> 1759.2 | U22: =Serviceorderfile_PREVIOUS!$W185 -> 1317.408 | V22: =IF(U22>0,T22/U22-1,1) -> 0.33534941 | W22: ='YOY Orders'!$L7 -> 1619.76 | X22: ='YOY Orders'!$D7 -> 1370.928 | Y22: =IF(X22>0,W22/X22-1,1) -> 0.18150625 | Z22: =Serviceorderfile_Current!$W186 -> 66.624 | AA22: =Serviceorderfile_PREVIOUS!$W186 -> 29.04 | AB22: =IF(AA22>0,Z22/AA22-1,1) -> 1.2942149 | AC22: ='YOY Orders'!$N7 -> 61.872 | AD22: ='YOY Orders'!$F7 -> 59.28 | AE22: =IF(AD22>0,AC22/AD22-1,1) -> 0.043724696 | AF22: =Serviceorderfile_Current!$W180 -> 0 | AG22: =Serviceorderfile_PREVIOUS!$W180 -> 0 | AH22: =IF(AG22>0,AF22/AG22-1,1) -> 1 | AI22: ='YOY Orders'!$M7 -> 0 | AJ22: ='YOY Orders'!$E7 -> 0 | AK22: =IF(AJ22>0,AI22/AJ22-1,1) -> 1 | AL22: =B22+T22+Z22+AF22+N22+H22 -> 5067.792 | AM22: =C22+U22+AA22+AG22+O22+I22 -> 2559.024 | AN22: =IF(AM22>0,AL22/AM22-1,1) -> 0.98036126 | AO22: =E22+W22+AC22+AI22+Q22+K22 -> 7028.976 | AP22: =F22+X22+AD22+AJ22+R22+L22 -> 4429.296 | AQ22: =IF(AP22>0,AO22/AP22-1,1) -> 0.58692849 | AS22: Czech | AT22: =Serviceorderfile_Current!$I182*Serviceorderfile_Current!$U182 -> 85.536 | AU22: =Serviceorderfile_PREVIOUS!$I182*Serviceorderfile_PREVIOUS!$U182 -> 137.664 | AV22: =IF(AU22>0,AT22/AU22-1,1) -> -0.37866109 | AW22: =AT22/B22 -> 0.20827489 | AX22: =AU22/C22 -> 0.84452297 | AY22: =(AW22-AX22)*100 -> -63.624807 | AZ22: =Serviceorderfile_Current!$I184*Serviceorderfile_Current!$U184 -> 342.768 | BA22: =Serviceorderfile_PREVIOUS!$I184*Serviceorderfile_PREVIOUS!$U184 -> 156.912 | BB22: =IF(BA22>0,AZ22/BA22-1,1) -> 1.1844601 | BC22: =AZ22/H22 -> 0.34077786 | BD22: =BA22/I22 -> 0.5525693 | BE22: =(BC22-BD22)*100 -> -21.179145 | BF22: =Serviceorderfile_Current!$I183*Serviceorderfile_Current!$U183 -> 233.856 | BG22: =Serviceorderfile_PREVIOUS!$I183*Serviceorderfile_PREVIOUS!$U183 -> 174.432 | BH22: =IF(BG22>0,BF22/BG22-1,1) -> 0.34067144 | BI22: =BF22/N22 -> 0.12810939 | BJ22: =BG22/O22 -> 0.22783699 | BK22: =(BI22-BJ22)*100 -> -9.9727603 | BL22: =Serviceorderfile_Current!$I185*Serviceorderfile_Current!$U185 -> 399.6 | BM22: =Serviceorderfile_PREVIOUS!$I185*Serviceorderfile_PREVIOUS!$U185 -> 214.992 | BN22: =IF(BM22>0,BL22/BM22-1,1) -> 0.85867381 | BO22: =BL22/T22 -> 0.2271487 | BP22: =BM22/U22 -> 0.16319318 | BQ22: =(BO22-BP22)*100 -> 6.3955525 | BR22: =Serviceorderfile_Current!$I186*Serviceorderfile_Current!$U186 -> 17.328 | BS22: =Serviceorderfile_PREVIOUS!$I186*Serviceorderfile_PREVIOUS!$U186 -> 20.88 | BT22: =IF(BS22>0,BR22/BS22-1,1) -> -0.17011494 | BU22: =BR22/Z22 -> 0.26008646 | BV22: =BS22/AA22 -> 0.71900826 | BW22: =(BU22-BV22)*100 -> -45.892181 | BX22: =Serviceorderfile_Current!$I180*Serviceorderfile_Current!$U182 -> 0 | BY22: =Serviceorderfile_PREVIOUS!$I180*Serviceorderfile_PREVIOUS!$U182 -> 0 | BZ22: =IF(BY22>0,BX22/BY22-1,1) -> 1 | CA22: =BX22/AF22 -> #DIV/0! | CB22: =BY22/AG22 -> #DIV/0! | CC22: =(CA22-CB22)*100 -> #DIV/0! | CD22: =AT22+BL22+BR22+BX22+BF22+AZ22 -> 1079.088 | CE22: =AU22+BM22+BS22+BY22+BG22+BA22 -> 704.88 | CF22: =IF(CE22>0,CD22/CE22-1,1) -> 0.53088185 | CG22: =CD22/AL22 -> 0.2129306 | CH22: =CE22/AM22 -> 0.27544876 | CI22: =(CG22-CH22)*100 -> -6.2518163 | CK22: Czech | CL22: =Serviceorderfile_Current!$J182*Serviceorderfile_Current!$U182 -> 221.328 | CM22: =Serviceorderfile_PREVIOUS!$J182*Serviceorderfile_PREVIOUS!$U182 -> 21.408 | CN22: =IF(CM22>0,CL22/CM22-1,1) -> 9.338565 | CO22: =Serviceorderfile_Current!$J184*Serviceorderfile_Current!$U184 -> 252.288 | CP22: =Serviceorderfile_PREVIOUS!$J184*Serviceorderfile_PREVIOUS!$U184 -> 32.832 | CQ22: =IF(CP22>0,CO22/CP22-1,1) -> 6.6842105 | CR22: =Serviceorderfile_Current!$J183*Serviceorderfile_Current!$U183 -> 551.616 | CS22: =Serviceorderfile_PREVIOUS!$J183*Serviceorderfile_PREVIOUS!$U183 -> 91.536 | CT22: =IF(CS22>0,CR22/CS22-1,1) -> 5.0262192 | CU22: =Serviceorderfile_Current!$J185*Serviceorderfile_Current!$U185 -> 219.936 | CV22: =Serviceorderfile_PREVIOUS!$J185*Serviceorderfile_PREVIOUS!$U185 -> 151.488 | CW22: =IF(CV22>0,CU22/CV22-1,1) -> 0.45183777 | CX22: =Serviceorderfile_Current!$J186*Serviceorderfile_Current!$U186 -> 22.944 | CY22: =Serviceorderfile_PREVIOUS!$J186*Serviceorderfile_PREVIOUS!$U186 -> 6.528 | CZ22: =IF(CY22>0,CX22/CY22-1,1) -> 2.5147059 | DA22: =Serviceorderfile_Current!$J180*Serviceorderfile_Current!$U182 -> 0 | DB22: =Serviceorderfile_PREVIOUS!$J180*Serviceorderfile_PREVIOUS!$U182 -> 0 | DC22: =IF(DB22>0,DA22/DB22-1,1) -> 1 | DD22: =CL22+CO22+CR22+CU22+CX22+DA22 -> 1268.112 | DE22: =CM22+CP22+CS22+CV22+CY22+DB22 -> 303.792 | DF22: =IF(DE22>0,DD22/DE22-1,1) -> 3.1742771 | DH22: Czech | DI22: =Serviceorderfile_Current!$K182*Serviceorderfile_Current!$U182 -> 70.224 | DJ22: =Serviceorderfile_PREVIOUS!$K182*Serviceorderfile_PREVIOUS!$U182 -> 0.384 | DK22: =IF(DJ22>0,DI22/DJ22-1,1) -> 181.875 | DL22: =Serviceorderfile_Current!$K184*Serviceorderfile_Current!$U184 -> 151.152 | DM22: =Serviceorderfile_PREVIOUS!$K184*Serviceorderfile_PREVIOUS!$U184 -> 17.04 | DN22: =IF(DM22>0,DL22/DM22-1,1) -> 7.8704225 | DO22: =Serviceorderfile_Current!$K183*Serviceorderfile_Current!$U183 -> 155.616 | DP22: =Serviceorderfile_PREVIOUS!$K183*Serviceorderfile_PREVIOUS!$U183 -> 103.248 | DQ22: =IF(DP22>0,DO22/DP22-1,1) -> 0.50720595 | DR22: =Serviceorderfile_Current!$K185*Serviceorderfile_Current!$U185 -> 164.448 | DS22: =Serviceorderfile_PREVIOUS!$K185*Serviceorderfile_PREVIOUS!$U185 -> 142.992 | DT22: =IF(DS22>0,DR22/DS22-1,1) -> 0.15005035 | DU22: =Serviceorderfile_Current!$K186*Serviceorderfile_Current!$U186 -> 8.784 | DV22: =Serviceorderfile_PREVIOUS!$K186*Serviceorderfile_PREVIOUS!$U186 -> 0.48 | DW22: =IF(DV22>0,DU22/DV22-1,1) -> 17.3 | DX22: =Serviceorderfile_Current!$K180*Serviceorderfile_Current!$U182 -> 0 | DY22: =Serviceorderfile_PREVIOUS!$K180*Serviceorderfile_PREVIOUS!$U182 -> 0 | DZ22: =IF(DY22>0,DX22/DY22-1,1) -> 1 | EA22: =DI22+DL22+DO22+DR22+DU22+DX22 -> 550.224 | EB22: =DJ22+DM22+DP22+DS22+DV22+DY22 -> 264.144 | EC22: =IF(EB22>0,EA22/EB22-1,1) -> 1.0830456 | EE22: Czech | EF22: =Serviceorderfile_Current!$V179 -> 0.96613237 | EG22: =Aged!E12 -> 0.89 | EH22: =Serviceorderfile_Current!$U174*Serviceorderfile_Current!$H174 -> 936.432 | EI22: =Serviceorderfile_PREVIOUS!$U191*Serviceorderfile_PREVIOUS!$H191 -> 1910.8789 | EJ22: =IF(EI22>0,EH22/EI22-1,1) -> -0.50994696 | EK22: =Serviceorderfile_Current!$U176*Serviceorderfile_Current!$H176 -> 6083.328 | EL22: =Serviceorderfile_PREVIOUS!$U193*Serviceorderfile_PREVIOUS!$H193 -> 47.554402 | EM22: =IF(EL22>0,EK22/EL22-1,1) -> 126.92355 | EN22: =Serviceorderfile_Current!$U175*Serviceorderfile_Current!$H175 -> 2548.128 | EO22: =Serviceorderfile_PREVIOUS!$U175*Serviceorderfile_PREVIOUS!$H175 -> 641.856 | EP22: =IF(EO22>0,EN22/EO22-1,1) -> 2.9699372 | EQ22: =Serviceorderfile_Current!$U177*Serviceorderfile_Current!$H177 -> 404.112 | ER22: =Serviceorderfile_PREVIOUS!$U177*Serviceorderfile_PREVIOUS!$H177 -> 517.44 | ES22: =IF(ER22>0,EQ22/ER22-1,1) -> -0.2190167 | ET22: =Serviceorderfile_Current!$U178*Serviceorderfile_Current!$H178 -> 3.648 | EU22: =Serviceorderfile_PREVIOUS!$U178*Serviceorderfile_PREVIOUS!$H178 -> 1.824 | EV22: =IF(EU22>0,ET22/EU22-1,1) -> 1 | EX22: =Serviceorderfile_Current!$V172 -> #DIV/0! | EY22: =Aged!E65 -> 0 | EZ22: =Serviceorderfile_Current!$U172*Serviceorderfile_Current!$H172 -> 0 | FA22: =Serviceorderfile_PREVIOUS!$U172*Serviceorderfile_PREVIOUS!$H172 -> 0 | FB22: =IF(FA22>0,EZ22/FA22-1,1) -> 1 | FD22: =EZ22+ET22+EQ22+EN22+EK22+EH22 -> 9975.648 | FE22: =FA22+EU22+ER22+EO22+EL22+EI22 -> 3119.5533 | FF22: =IF(FE22>0,FD22/FE22-1,1) -> 2.197781
A23: Hungary | B23: =Serviceorderfile_Current!$W148 -> 392.97325 | C23: =Serviceorderfile_PREVIOUS!$W148 -> 179.1619 | D23: =IF(C23>0,B23/C23-1,1) -> 1.1933973 | E23: ='YOY Orders'!$J16 -> 1232.83 | F23: ='YOY Orders'!$B16 -> 920.17051 | G23: =IF(F23>0,E23/F23-1,1) -> 0.33978431 | H23: =Serviceorderfile_Current!$W150 -> 629.48301 | I23: =Serviceorderfile_PREVIOUS!$W150 -> 124.96289 | J23: =IF(I23>0,H23/I23-1,1) -> 4.0373595 | K23: ='YOY Orders'!$K16 -> 1340.2645 | L23: ='YOY Orders'!$C16 -> 969.2329 | M23: =IF(L23>0,K23/L23-1,1) -> 0.38280958 | N23: =Serviceorderfile_Current!$W149 -> 853.87459 | O23: =Serviceorderfile_PREVIOUS!$W149 -> 569.14132 | P23: =IF(O23>0,N23/O23-1,1) -> 0.50028571 | Q23: ='YOY Orders'!$O16 -> 769.62478 | R23: ='YOY Orders'!$G16 -> 983.90724 | S23: =IF(R23>0,Q23/R23-1,1) -> -0.21778725 | T23: =Serviceorderfile_Current!$W151 -> 1380.9108 | U23: =Serviceorderfile_PREVIOUS!$W151 -> 1033.4164 | V23: =IF(U23>0,T23/U23-1,1) -> 0.33625781 | W23: ='YOY Orders'!$L16 -> 1559.2459 | X23: ='YOY Orders'!$D16 -> 1126.4076 | Y23: =IF(X23>0,W23/X23-1,1) -> 0.38426439 | Z23: =Serviceorderfile_Current!$W152 -> 59.435942 | AA23: =Serviceorderfile_PREVIOUS!$W152 -> 36.612905 | AB23: =IF(AA23>0,Z23/AA23-1,1) -> 0.62336045 | AC23: ='YOY Orders'!$N16 -> 11.109096 | AD23: ='YOY Orders'!$F16 -> 77.961233 | AE23: =IF(AD23>0,AC23/AD23-1,1) -> -0.85750487 | AF23: =Serviceorderfile_Current!$W146 -> 0 | AG23: =Serviceorderfile_PREVIOUS!$W146 -> 0 | AH23: =IF(AG23>0,AF23/AG23-1,1) -> 1 | AI23: ='YOY Orders'!$M16 -> 0 | AJ23: ='YOY Orders'!$E16 -> 0 | AK23: =IF(AJ23>0,AI23/AJ23-1,1) -> 1 | AL23: =B23+T23+Z23+AF23+N23+H23 -> 3316.6775 | AM23: =C23+U23+AA23+AG23+O23+I23 -> 1943.2954 | AN23: =IF(AM23>0,AL23/AM23-1,1) -> 0.70672842 | AO23: =E23+W23+AC23+AI23+Q23+K23 -> 4913.0744 | AP23: =F23+X23+AD23+AJ23+R23+L23 -> 4077.6795 | AQ23: =IF(AP23>0,AO23/AP23-1,1) -> 0.20487017 | AS23: Hungary | AT23: =Serviceorderfile_Current!$I148*Serviceorderfile_Current!$U148 -> 197.23432 | AU23: =Serviceorderfile_PREVIOUS!$I148*Serviceorderfile_PREVIOUS!$U148 -> 169.36888 | AV23: =IF(AU23>0,AT23/AU23-1,1) -> 0.16452516 | AW23: =AT23/B23 -> 0.50190267 | AX23: =AU23/C23 -> 0.9453398 | AY23: =(AW23-AX23)*100 -> -44.343713 | AZ23: =Serviceorderfile_Current!$I150*Serviceorderfile_Current!$U150 -> 219.24583 | BA23: =Serviceorderfile_PREVIOUS!$I150*Serviceorderfile_PREVIOUS!$U150 -> 117.39776 | BB23: =IF(BA23>0,AZ23/BA23-1,1) -> 0.86754693 | BC23: =AZ23/H23 -> 0.34829508 | BD23: =BA23/I23 -> 0.93946101 | BE23: =(BC23-BD23)*100 -> -59.116593 | BF23: =Serviceorderfile_Current!$I149*Serviceorderfile_Current!$U149 -> 166.78233 | BG23: =Serviceorderfile_PREVIOUS!$I149*Serviceorderfile_PREVIOUS!$U149 -> 124.75621 | BH23: =IF(BG23>0,BF23/BG23-1,1) -> 0.33686596 | BI23: =BF23/N23 -> 0.19532415 | BJ23: =BG23/O23 -> 0.21920076 | BK23: =(BI23-BJ23)*100 -> -2.3876608 | BL23: =Serviceorderfile_Current!$I151*Serviceorderfile_Current!$U151 -> 208.74462 | BM23: =Serviceorderfile_PREVIOUS!$I151*Serviceorderfile_PREVIOUS!$U151 -> 235.98394 | BN23: =IF(BM23>0,BL23/BM23-1,1) -> -0.1154287 | BO23: =BL23/T23 -> 0.15116445 | BP23: =BM23/U23 -> 0.2283532 | BQ23: =(BO23-BP23)*100 -> -7.7188742 | BR23: =Serviceorderfile_Current!$I152*Serviceorderfile_Current!$U152 -> 10.212466 | BS23: =Serviceorderfile_PREVIOUS!$I152*Serviceorderfile_PREVIOUS!$U152 -> 31.591776 | BT23: =IF(BS23>0,BR23/BS23-1,1) -> -0.67673658 | BU23: =BR23/Z23 -> 0.17182306 | BV23: =BS23/AA23 -> 0.86285904 | BW23: =(BU23-BV23)*100 -> -69.103598 | BX23: =Serviceorderfile_Current!$I146*Serviceorderfile_Current!$U148 -> 0 | BY23: =Serviceorderfile_PREVIOUS!$I146*Serviceorderfile_PREVIOUS!$U148 -> 0 | BZ23: =IF(BY23>0,BX23/BY23-1,1) -> 1 | CA23: =BX23/AF23 -> #DIV/0! | CB23: =BY23/AG23 -> #DIV/0! | CC23: =(CA23-CB23)*100 -> #DIV/0! | CD23: =AT23+BL23+BR23+BX23+BF23+AZ23 -> 802.21957 | CE23: =AU23+BM23+BS23+BY23+BG23+BA23 -> 679.09857 | CF23: =IF(CE23>0,CD23/CE23-1,1) -> 0.18130063 | CG23: =CD23/AL23 -> 0.24187445 | CH23: =CE23/AM23 -> 0.34945719 | CI23: =(CG23-CH23)*100 -> -10.758274 | CK23: Hungary | CL23: =Serviceorderfile_Current!$J148*Serviceorderfile_Current!$U148 -> 191.87278 | CM23: =Serviceorderfile_PREVIOUS!$J148*Serviceorderfile_PREVIOUS!$U148 -> 5.2490858 | CN23: =IF(CM23>0,CL23/CM23-1,1) -> 35.553561 | CO23: =Serviceorderfile_Current!$J150*Serviceorderfile_Current!$U150 -> 286.79096 | CP23: =Serviceorderfile_PREVIOUS!$J150*Serviceorderfile_PREVIOUS!$U150 -> 0 | CQ23: =IF(CP23>0,CO23/CP23-1,1) -> 1 | CR23: =Serviceorderfile_Current!$J149*Serviceorderfile_Current!$U149 -> 150.52445 | CS23: =Serviceorderfile_PREVIOUS!$J149*Serviceorderfile_PREVIOUS!$U149 -> 80.082751 | CT23: =IF(CS23>0,CR23/CS23-1,1) -> 0.87961136 | CU23: =Serviceorderfile_Current!$J151*Serviceorderfile_Current!$U151 -> 262.14427 | CV23: =Serviceorderfile_PREVIOUS!$J151*Serviceorderfile_PREVIOUS!$U151 -> 102.13074 | CW23: =IF(CV23>0,CU23/CV23-1,1) -> 1.566752 | CX23: =Serviceorderfile_Current!$J152*Serviceorderfile_Current!$U152 -> 42.846764 | CY23: =Serviceorderfile_PREVIOUS!$J152*Serviceorderfile_PREVIOUS!$U152 -> 5.0211289 | CZ23: =IF(CY23>0,CX23/CY23-1,1) -> 7.533293 | DA23: =Serviceorderfile_Current!$J146*Serviceorderfile_Current!$U148 -> 0 | DB23: =Serviceorderfile_PREVIOUS!$J146*Serviceorderfile_PREVIOUS!$U148 -> 0 | DC23: =IF(DB23>0,DA23/DB23-1,1) -> 1 | DD23: =CL23+CO23+CR23+CU23+CX23+DA23 -> 934.17922 | DE23: =CM23+CP23+CS23+CV23+CY23+DB23 -> 192.4837 | DF23: =IF(DE23>0,DD23/DE23-1,1) -> 3.85329 | DH23: Hungary | DI23: =Serviceorderfile_Current!$K148*Serviceorderfile_Current!$U148 -> 3.0181483 | DJ23: =Serviceorderfile_PREVIOUS!$K148*Serviceorderfile_PREVIOUS!$U148 -> 0 | DK23: =IF(DJ23>0,DI23/DJ23-1,1) -> 1 | DL23: =Serviceorderfile_Current!$K150*Serviceorderfile_Current!$U150 -> 123.44622 | DM23: =Serviceorderfile_PREVIOUS!$K150*Serviceorderfile_PREVIOUS!$U150 -> 0 | DN23: =IF(DM23>0,DL23/DM23-1,1) -> 1 | DO23: =Serviceorderfile_Current!$K149*Serviceorderfile_Current!$U149 -> 111.23685 | DP23: =Serviceorderfile_PREVIOUS!$K149*Serviceorderfile_PREVIOUS!$U149 -> 62.223094 | DQ23: =IF(DP23>0,DO23/DP23-1,1) -> 0.78771004 | DR23: =Serviceorderfile_Current!$K151*Serviceorderfile_Current!$U151 -> 130.18158 | DS23: =Serviceorderfile_PREVIOUS!$K151*Serviceorderfile_PREVIOUS!$U151 -> 97.225105 | DT23: =IF(DS23>0,DR23/DS23-1,1) -> 0.33897086 | DU23: =Serviceorderfile_Current!$K152*Serviceorderfile_Current!$U152 -> 5.6776446 | DV23: =Serviceorderfile_PREVIOUS!$K152*Serviceorderfile_PREVIOUS!$U152 -> 0 | DW23: =IF(DV23>0,DU23/DV23-1,1) -> 1 | DX23: =Serviceorderfile_Current!$K146*Serviceorderfile_Current!$U148 -> 0 | DY23: =Serviceorderfile_PREVIOUS!$K146*Serviceorderfile_PREVIOUS!$U148 -> 0 | DZ23: =IF(DY23>0,DX23/DY23-1,1) -> 1 | EA23: =DI23+DL23+DO23+DR23+DU23+DX23 -> 373.56044 | EB23: =DJ23+DM23+DP23+DS23+DV23+DY23 -> 159.4482 | EC23: =IF(EB23>0,EA23/EB23-1,1) -> 1.3428326 | EE23: Hungary | EF23: =Serviceorderfile_Current!$V145 -> 0.96334478 | EG23: =Aged!E10 -> 0.56 | EH23: =Serviceorderfile_Current!$U140*Serviceorderfile_Current!$H140 -> 2300.3123 | EI23: =Serviceorderfile_PREVIOUS!$U140*Serviceorderfile_PREVIOUS!$H140 -> 1825.1743 | EJ23: =IF(EI23>0,EH23/EI23-1,1) -> 0.26032473 | EK23: =Serviceorderfile_Current!$U142*Serviceorderfile_Current!$H142 -> 5426.6125 | EL23: =Serviceorderfile_PREVIOUS!$U142*Serviceorderfile_PREVIOUS!$H142 -> 4987.5099 | EM23: =IF(EL23>0,EK23/EL23-1,1) -> 0.088040445 | EN23: =Serviceorderfile_Current!$U141*Serviceorderfile_Current!$H141 -> 4994.3638 | EO23: =Serviceorderfile_PREVIOUS!$U141*Serviceorderfile_PREVIOUS!$H141 -> 4879.5009 | EP23: =IF(EO23>0,EN23/EO23-1,1) -> 0.023539884 | EQ23: =Serviceorderfile_Current!$U143*Serviceorderfile_Current!$H143 -> 824.2402 | ER23: =Serviceorderfile_PREVIOUS!$U143*Serviceorderfile_PREVIOUS!$H143 -> 393.93674 | ES23: =IF(ER23>0,EQ23/ER23-1,1) -> 1.0923161 | ET23: =Serviceorderfile_Current!$U144*Serviceorderfile_Current!$H144 -> 2.1367153 | EU23: =Serviceorderfile_PREVIOUS!$U144*Serviceorderfile_PREVIOUS!$H144 -> 4.2886277 | EV23: =IF(EU23>0,ET23/EU23-1,1) -> -0.50177179 | EX23: =Serviceorderfile_Current!$V138 -> 0.96239831 | EY23: =Aged!E63 -> 0.64 | EZ23: =Serviceorderfile_Current!$U138*Serviceorderfile_Current!$H138 -> 596.29857 | FA23: =Serviceorderfile_PREVIOUS!$U138*Serviceorderfile_PREVIOUS!$H138 -> 319.26113 | FB23: =IF(FA23>0,EZ23/FA23-1,1) -> 0.86774562 | FD23: =EZ23+ET23+EQ23+EN23+EK23+EH23 -> 14143.964 | FE23: =FA23+EU23+ER23+EO23+EL23+EI23 -> 12409.672 | FF23: =IF(FE23>0,FD23/FE23-1,1) -> 0.13975329
A24: Poland | B24: =Serviceorderfile_Current!$W284 -> 371.24553 | C24: =Serviceorderfile_PREVIOUS!$W284 -> 315.79437 | D24: =IF(C24>0,B24/C24-1,1) -> 0.17559263 | E24: ='YOY Orders'!$J25 -> 1187.4866 | F24: ='YOY Orders'!$B25 -> 899.41785 | G24: =IF(F24>0,E24/F24-1,1) -> 0.3202836 | H24: =Serviceorderfile_Current!$W286 -> 1389.3289 | I24: =Serviceorderfile_PREVIOUS!$W286 -> 739.7185 | J24: =IF(I24>0,H24/I24-1,1) -> 0.87818591 | K24: ='YOY Orders'!$K25 -> 2401.5898 | L24: ='YOY Orders'!$C25 -> 1075.198 | M24: =IF(L24>0,K24/L24-1,1) -> 1.2336256 | N24: =Serviceorderfile_Current!$W285 -> 922.9846 | O24: =Serviceorderfile_PREVIOUS!$W285 -> 1594.2209 | P24: =IF(O24>0,N24/O24-1,1) -> -0.42104348 | Q24: ='YOY Orders'!$O25 -> 8983.3655 | R24: ='YOY Orders'!$G25 -> 1621.392 | S24: =IF(R24>0,Q24/R24-1,1) -> 4.5405267 | T24: =Serviceorderfile_Current!$W287 -> 2058.3471 | U24: =Serviceorderfile_PREVIOUS!$W287 -> 1716.768 | V24: =IF(U24>0,T24/U24-1,1) -> 0.19896641 | W24: ='YOY Orders'!$L25 -> 2185.3303 | X24: ='YOY Orders'!$D25 -> 1845.6919 | Y24: =IF(X24>0,W24/X24-1,1) -> 0.18401682 | Z24: =Serviceorderfile_Current!$W288 -> 17.744372 | AA24: =Serviceorderfile_PREVIOUS!$W288 -> 26.616558 | AB24: =IF(AA24>0,Z24/AA24-1,1) -> -0.33333333 | AC24: ='YOY Orders'!$N25 -> 47.133488 | AD24: ='YOY Orders'!$F25 -> 43.806418 | AE24: =IF(AD24>0,AC24/AD24-1,1) -> 0.075949367 | AF24: =Serviceorderfile_Current!$W282 -> 76.522604 | AG24: =Serviceorderfile_PREVIOUS!$W282 -> 0 | AH24: =IF(AG24>0,AF24/AG24-1,1) -> 1 | AI24: ='YOY Orders'!$M25 -> 371.24553 | AJ24: ='YOY Orders'!$E25 -> 302.20883 | AK24: =IF(AJ24>0,AI24/AJ24-1,1) -> 0.22844037 | AL24: =B24+T24+Z24+AF24+N24+H24 -> 4836.1731 | AM24: =C24+U24+AA24+AG24+O24+I24 -> 4393.1183 | AN24: =IF(AM24>0,AL24/AM24-1,1) -> 0.100852 | AO24: =E24+W24+AC24+AI24+Q24+K24 -> 15176.151 | AP24: =F24+X24+AD24+AJ24+R24+L24 -> 5787.7151 | AQ24: =IF(AP24>0,AO24/AP24-1,1) -> 1.6221317 | AS24: Poland | AT24: =Serviceorderfile_Current!$I284*Serviceorderfile_Current!$U284 -> 181.87981 | AU24: =Serviceorderfile_PREVIOUS!$I284*Serviceorderfile_PREVIOUS!$U284 -> 271.15618 | AV24: =IF(AU24>0,AT24/AU24-1,1) -> -0.32924335 | AW24: =AT24/B24 -> 0.48991785 | AX24: =AU24/C24 -> 0.85864794 | AY24: =(AW24-AX24)*100 -> -36.873009 | AZ24: =Serviceorderfile_Current!$I286*Serviceorderfile_Current!$U286 -> 480.48432 | BA24: =Serviceorderfile_PREVIOUS!$I286*Serviceorderfile_PREVIOUS!$U286 -> 538.70804 | BB24: =IF(BA24>0,AZ24/BA24-1,1) -> -0.10808029 | BC24: =AZ24/H24 -> 0.34583915 | BD24: =BA24/I24 -> 0.72826087 | BE24: =(BC24-BD24)*100 -> -38.242172 | BF24: =Serviceorderfile_Current!$I285*Serviceorderfile_Current!$U285 -> 773.26646 | BG24: =Serviceorderfile_PREVIOUS!$I285*Serviceorderfile_PREVIOUS!$U285 -> 1133.4218 | BH24: =IF(BG24>0,BF24/BG24-1,1) -> -0.3177593 | BI24: =BF24/N24 -> 0.83778913 | BJ24: =BG24/O24 -> 0.71095652 | BK24: =(BI24-BJ24)*100 -> 12.68326 | BL24: =Serviceorderfile_Current!$I287*Serviceorderfile_Current!$U287 -> 535.65823 | BM24: =Serviceorderfile_PREVIOUS!$I287*Serviceorderfile_PREVIOUS!$U287 -> 214.87325 | BN24: =IF(BM24>0,BL24/BM24-1,1) -> 1.4929032 | BO24: =BL24/T24 -> 0.26023707 | BP24: =BM24/U24 -> 0.1251615 | BQ24: =(BO24-BP24)*100 -> 13.507557 | BR24: =Serviceorderfile_Current!$I288*Serviceorderfile_Current!$U288 -> 11.644744 | BS24: =Serviceorderfile_PREVIOUS!$I288*Serviceorderfile_PREVIOUS!$U288 -> 26.616558 | BT24: =IF(BS24>0,BR24/BS24-1,1) -> -0.5625 | BU24: =BR24/Z24 -> 0.65625 | BV24: =BS24/AA24 -> 1 | BW24: =(BU24-BV24)*100 -> -34.375 | BX24: =Serviceorderfile_Current!$I282*Serviceorderfile_Current!$U284 -> 76.245348 | BY24: =Serviceorderfile_PREVIOUS!$I282*Serviceorderfile_PREVIOUS!$U284 -> 0 | BZ24: =IF(BY24>0,BX24/BY24-1,1) -> 1 | CA24: =BX24/AF24 -> 0.99637681 | CB24: =BY24/AG24 -> #DIV/0! | CC24: =(CA24-CB24)*100 -> #DIV/0! | CD24: =AT24+BL24+BR24+BX24+BF24+AZ24 -> 2059.1789 | CE24: =AU24+BM24+BS24+BY24+BG24+BA24 -> 2184.7758 | CF24: =IF(CE24>0,CD24/CE24-1,1) -> -0.05748731 | CG24: =CD24/AL24 -> 0.42578685 | CH24: =CE24/AM24 -> 0.49731777 | CI24: =(CG24-CH24)*100 -> -7.1530917 | CK24: Poland | CL24: =Serviceorderfile_Current!$J284*Serviceorderfile_Current!$U284 -> 178.83 | CM24: =Serviceorderfile_PREVIOUS!$J284*Serviceorderfile_PREVIOUS!$U284 -> 30.220883 | CN24: =IF(CM24>0,CL24/CM24-1,1) -> 4.9174312 | CO24: =Serviceorderfile_Current!$J286*Serviceorderfile_Current!$U286 -> 368.75023 | CP24: =Serviceorderfile_PREVIOUS!$J286*Serviceorderfile_PREVIOUS!$U286 -> 73.195534 | CQ24: =IF(CP24>0,CO24/CP24-1,1) -> 4.0378788 | CR24: =Serviceorderfile_Current!$J285*Serviceorderfile_Current!$U285 -> 128.6467 | CS24: =Serviceorderfile_PREVIOUS!$J285*Serviceorderfile_PREVIOUS!$U285 -> 26.062046 | CT24: =IF(CS24>0,CR24/CS24-1,1) -> 3.9361702 | CU24: =Serviceorderfile_Current!$J287*Serviceorderfile_Current!$U287 -> 180.21628 | CV24: =Serviceorderfile_PREVIOUS!$J287*Serviceorderfile_PREVIOUS!$U287 -> 158.59032 | CW24: =IF(CV24>0,CU24/CV24-1,1) -> 0.13636364 | CX24: =Serviceorderfile_Current!$J288*Serviceorderfile_Current!$U288 -> 6.0996279 | CY24: =Serviceorderfile_PREVIOUS!$J288*Serviceorderfile_PREVIOUS!$U288 -> 0 | CZ24: =IF(CY24>0,CX24/CY24-1,1) -> 1 | DA24: =Serviceorderfile_Current!$J282*Serviceorderfile_Current!$U284 -> 0 | DB24: =Serviceorderfile_PREVIOUS!$J282*Serviceorderfile_PREVIOUS!$U284 -> 0 | DC24: =IF(DB24>0,DA24/DB24-1,1) -> 1 | DD24: =CL24+CO24+CR24+CU24+CX24+DA24 -> 862.54283 | DE24: =CM24+CP24+CS24+CV24+CY24+DB24 -> 288.06879 | DF24: =IF(DE24>0,DD24/DE24-1,1) -> 1.9942252 | DH24: Poland | DI24: =Serviceorderfile_Current!$K284*Serviceorderfile_Current!$U284 -> 0 | DJ24: =Serviceorderfile_PREVIOUS!$K284*Serviceorderfile_PREVIOUS!$U284 -> 13.585535 | DK24: =IF(DJ24>0,DI24/DJ24-1,1) -> -1 | DL24: =Serviceorderfile_Current!$K286*Serviceorderfile_Current!$U286 -> 17.18986 | DM24: =Serviceorderfile_PREVIOUS!$K286*Serviceorderfile_PREVIOUS!$U286 -> 35.488744 | DN24: =IF(DM24>0,DL24/DM24-1,1) -> -0.515625 | DO24: =Serviceorderfile_Current!$K285*Serviceorderfile_Current!$U285 -> 5.2678604 | DP24: =Serviceorderfile_PREVIOUS!$K285*Serviceorderfile_PREVIOUS!$U285 -> 42.142883 | DQ24: =IF(DP24>0,DO24/DP24-1,1) -> -0.875 | DR24: =Serviceorderfile_Current!$K287*Serviceorderfile_Current!$U287 -> 125.59688 | DS24: =Serviceorderfile_PREVIOUS!$K287*Serviceorderfile_PREVIOUS!$U287 -> 91.494418 | DT24: =IF(DS24>0,DR24/DS24-1,1) -> 0.37272727 | DU24: =Serviceorderfile_Current!$K288*Serviceorderfile_Current!$U288 -> 0 | DV24: =Serviceorderfile_PREVIOUS!$K288*Serviceorderfile_PREVIOUS!$U288 -> 0 | DW24: =IF(DV24>0,DU24/DV24-1,1) -> 1 | DX24: =Serviceorderfile_Current!$K282*Serviceorderfile_Current!$U284 -> 0 | DY24: =Serviceorderfile_PREVIOUS!$K282*Serviceorderfile_PREVIOUS!$U284 -> 0 | DZ24: =IF(DY24>0,DX24/DY24-1,1) -> 1 | EA24: =DI24+DL24+DO24+DR24+DU24+DX24 -> 148.0546 | EB24: =DJ24+DM24+DP24+DS24+DV24+DY24 -> 182.71158 | EC24: =IF(EB24>0,EA24/EB24-1,1) -> -0.18968134 | EE24: Poland | EF24: =Serviceorderfile_Current!$V281 -> 0.94517315 | EG24: =Aged!E18 -> 0.44 | EH24: =Serviceorderfile_Current!$U276*Serviceorderfile_Current!$H276 -> 2011.4909 | EI24: =Serviceorderfile_PREVIOUS!$U276*Serviceorderfile_PREVIOUS!$H276 -> 2541.0495 | EJ24: =IF(EI24>0,EH24/EI24-1,1) -> -0.20840153 | EK24: =Serviceorderfile_Current!$U278*Serviceorderfile_Current!$H278 -> 10372.417 | EL24: =Serviceorderfile_PREVIOUS!$U278*Serviceorderfile_PREVIOUS!$H278 -> 8591.6031 | EM24: =IF(EL24>0,EK24/EL24-1,1) -> 0.20727378 | EN24: =Serviceorderfile_Current!$U277*Serviceorderfile_Current!$H277 -> 2395.4902 | EO24: =Serviceorderfile_PREVIOUS!$U277*Serviceorderfile_PREVIOUS!$H277 -> 1373.8025 | EP24: =IF(EO24>0,EN24/EO24-1,1) -> 0.74369324 | EQ24: =Serviceorderfile_Current!$U279*Serviceorderfile_Current!$H279 -> 1433.1353 | ER24: =Serviceorderfile_PREVIOUS!$U279*Serviceorderfile_PREVIOUS!$H279 -> 2002.0642 | ES24: =IF(ER24>0,EQ24/ER24-1,1) -> -0.28417117 | ET24: =Serviceorderfile_Current!$U280*Serviceorderfile_Current!$H280 -> 11.090232 | EU24: =Serviceorderfile_PREVIOUS!$U280*Serviceorderfile_PREVIOUS!$H280 -> 0 | EV24: =IF(EU24>0,ET24/EU24-1,1) -> 1 | EX24: =Serviceorderfile_Current!$V274 -> 1 | EY24: =Aged!E71 -> 1 | EZ24: =Serviceorderfile_Current!$U274*Serviceorderfile_Current!$H274 -> 1222.1436 | FA24: =Serviceorderfile_PREVIOUS!$U274*Serviceorderfile_PREVIOUS!$H274 -> 1264.2865 | FB24: =IF(FA24>0,EZ24/FA24-1,1) -> -0.033333333 | FD24: =EZ24+ET24+EQ24+EN24+EK24+EH24 -> 17445.767 | FE24: =FA24+EU24+ER24+EO24+EL24+EI24 -> 15772.806 | FF24: =IF(FE24>0,FD24/FE24-1,1) -> 0.1060662
A25: Romania | B25: =Serviceorderfile_Current!$W216 -> 512.08617 | C25: =Serviceorderfile_PREVIOUS!$W216 -> 341.00754 | D25: =IF(C25>0,B25/C25-1,1) -> 0.50168577 | E25: ='YOY Orders'!$J28 -> 1060.5036 | F25: ='YOY Orders'!$B28 -> 808.71445 | G25: =IF(F25>0,E25/F25-1,1) -> 0.3113449 | H25: =Serviceorderfile_Current!$W218 -> 955.87886 | I25: =Serviceorderfile_PREVIOUS!$W218 -> 521.97378 | J25: =IF(I25>0,H25/I25-1,1) -> 0.83127753 | K25: ='YOY Orders'!$K28 -> 1085.3376 | L25: ='YOY Orders'!$C28 -> 1201.6894 | M25: =IF(L25>0,K25/L25-1,1) -> -0.096823574 | N25: =Serviceorderfile_Current!$W217 -> 124.85981 | O25: =Serviceorderfile_PREVIOUS!$W217 -> 141.18586 | P25: =IF(O25>0,N25/O25-1,1) -> -0.11563518 | Q25: ='YOY Orders'!$O28 -> 110.60326 | R25: ='YOY Orders'!$G28 -> 234.77323 | S25: =IF(R25>0,Q25/R25-1,1) -> -0.52889324 | T25: =Serviceorderfile_Current!$W219 -> 842.97616 | U25: =Serviceorderfile_PREVIOUS!$W219 -> 537.61 | V25: =IF(U25>0,T25/U25-1,1) -> 0.56800684 | W25: ='YOY Orders'!$L28 -> 1081.1986 | X25: ='YOY Orders'!$D28 -> 650.05281 | Y25: =IF(X25>0,W25/X25-1,1) -> 0.66324726 | Z25: =Serviceorderfile_Current!$W220 -> 102.32526 | AA25: =Serviceorderfile_PREVIOUS!$W220 -> 25.063939 | AB25: =IF(AA25>0,Z25/AA25-1,1) -> 3.0825688 | AC25: ='YOY Orders'!$N28 -> 144.17514 | AD25: ='YOY Orders'!$F28 -> 236.1529 | AE25: =IF(AD25>0,AC25/AD25-1,1) -> -0.38948393 | AF25: =Serviceorderfile_Current!$W214 -> 42.539714 | AG25: =Serviceorderfile_PREVIOUS!$W214 -> 40.010325 | AH25: =IF(AG25>0,AF25/AG25-1,1) -> 0.063218391 | AI25: ='YOY Orders'!$M28 -> 156.82208 | AJ25: ='YOY Orders'!$E28 -> 148.54408 | AK25: =IF(AJ25>0,AI25/AJ25-1,1) -> 0.055727554 | AL25: =B25+T25+Z25+AF25+N25+H25 -> 2580.666 | AM25: =C25+U25+AA25+AG25+O25+I25 -> 1606.8515 | AN25: =IF(AM25>0,AL25/AM25-1,1) -> 0.60603892 | AO25: =E25+W25+AC25+AI25+Q25+K25 -> 3638.6402 | AP25: =F25+X25+AD25+AJ25+R25+L25 -> 3279.9269 | AQ25: =IF(AP25>0,AO25/AP25-1,1) -> 0.10936624 | AS25: Romania | AT25: =Serviceorderfile_Current!$I216*Serviceorderfile_Current!$U216 -> 203.0409 | AU25: =Serviceorderfile_PREVIOUS!$I216*Serviceorderfile_PREVIOUS!$U216 -> 306.28594 | AV25: =IF(AU25>0,AT25/AU25-1,1) -> -0.33708709 | AW25: =AT25/B25 -> 0.39649753 | AX25: =AU25/C25 -> 0.89817937 | AY25: =(AW25-AX25)*100 -> -50.168184 | AZ25: =Serviceorderfile_Current!$I218*Serviceorderfile_Current!$U218 -> 125.08975 | BA25: =Serviceorderfile_PREVIOUS!$I218*Serviceorderfile_PREVIOUS!$U218 -> 460.34868 | BB25: =IF(BA25>0,AZ25/BA25-1,1) -> -0.72827173 | BC25: =AZ25/H25 -> 0.1308636 | BD25: =BA25/I25 -> 0.88193833 | BE25: =(BC25-BD25)*100 -> -75.107472 | BF25: =Serviceorderfile_Current!$I217*Serviceorderfile_Current!$U217 -> 23.914217 | BG25: =Serviceorderfile_PREVIOUS!$I217*Serviceorderfile_PREVIOUS!$U217 -> 15.866163 | BH25: =IF(BG25>0,BF25/BG25-1,1) -> 0.50724638 | BI25: =BF25/N25 -> 0.19152855 | BJ25: =BG25/O25 -> 0.11237785 | BK25: =(BI25-BJ25)*100 -> 7.9150695 | BL25: =Serviceorderfile_Current!$I219*Serviceorderfile_Current!$U219 -> 203.50079 | BM25: =Serviceorderfile_PREVIOUS!$I219*Serviceorderfile_PREVIOUS!$U219 -> 181.88602 | BN25: =IF(BM25>0,BL25/BM25-1,1) -> 0.11883692 | BO25: =BL25/T25 -> 0.24140753 | BP25: =BM25/U25 -> 0.33832335 | BQ25: =(BO25-BP25)*100 -> -9.6915825 | BR25: =Serviceorderfile_Current!$I220*Serviceorderfile_Current!$U220 -> 23.684273 | BS25: =Serviceorderfile_PREVIOUS!$I220*Serviceorderfile_PREVIOUS!$U220 -> 21.844718 | BT25: =IF(BS25>0,BR25/BS25-1,1) -> 0.084210526 | BU25: =BR25/Z25 -> 0.23146067 | BV25: =BS25/AA25 -> 0.87155963 | BW25: =(BU25-BV25)*100 -> -64.009896 | BX25: =Serviceorderfile_Current!$I214*Serviceorderfile_Current!$U216 -> 23.914217 | BY25: =Serviceorderfile_PREVIOUS!$I214*Serviceorderfile_PREVIOUS!$U216 -> 40.010325 | BZ25: =IF(BY25>0,BX25/BY25-1,1) -> -0.40229885 | CA25: =BX25/AF25 -> 0.56216216 | CB25: =BY25/AG25 -> 1 | CC25: =(CA25-CB25)*100 -> -43.783784 | CD25: =AT25+BL25+BR25+BX25+BF25+AZ25 -> 603.14416 | CE25: =AU25+BM25+BS25+BY25+BG25+BA25 -> 1026.2418 | CF25: =IF(CE25>0,CD25/CE25-1,1) -> -0.41227874 | CG25: =CD25/AL25 -> 0.23371648 | CH25: =CE25/AM25 -> 0.63866629 | CI25: =(CG25-CH25)*100 -> -40.494981 | CK25: Romania | CL25: =Serviceorderfile_Current!$J216*Serviceorderfile_Current!$U216 -> 211.3189 | CM25: =Serviceorderfile_PREVIOUS!$J216*Serviceorderfile_PREVIOUS!$U216 -> 34.261715 | CN25: =IF(CM25>0,CL25/CM25-1,1) -> 5.1677852 | CO25: =Serviceorderfile_Current!$J218*Serviceorderfile_Current!$U218 -> 464.48768 | CP25: =Serviceorderfile_PREVIOUS!$J218*Serviceorderfile_PREVIOUS!$U218 -> 0.91977759 | CQ25: =IF(CP25>0,CO25/CP25-1,1) -> 504 | CR25: =Serviceorderfile_Current!$J217*Serviceorderfile_Current!$U217 -> 23.914217 | CS25: =Serviceorderfile_PREVIOUS!$J217*Serviceorderfile_PREVIOUS!$U217 -> 22.99444 | CT25: =IF(CS25>0,CR25/CS25-1,1) -> 0.04 | CU25: =Serviceorderfile_Current!$J219*Serviceorderfile_Current!$U219 -> 239.60206 | CV25: =Serviceorderfile_PREVIOUS!$J219*Serviceorderfile_PREVIOUS!$U219 -> 37.250992 | CW25: =IF(CV25>0,CU25/CV25-1,1) -> 5.4320988 | CX25: =Serviceorderfile_Current!$J220*Serviceorderfile_Current!$U220 -> 49.438046 | CY25: =Serviceorderfile_PREVIOUS!$J220*Serviceorderfile_PREVIOUS!$U220 -> 3.2192216 | CZ25: =IF(CY25>0,CX25/CY25-1,1) -> 14.357143 | DA25: =Serviceorderfile_Current!$J214*Serviceorderfile_Current!$U216 -> 18.625496 | DB25: =Serviceorderfile_PREVIOUS!$J214*Serviceorderfile_PREVIOUS!$U216 -> 0 | DC25: =IF(DB25>0,DA25/DB25-1,1) -> 1 | DD25: =CL25+CO25+CR25+CU25+CX25+DA25 -> 1007.3864 | DE25: =CM25+CP25+CS25+CV25+CY25+DB25 -> 98.646147 | DF25: =IF(DE25>0,DD25/DE25-1,1) -> 9.2121212 | DH25: Romania | DI25: =Serviceorderfile_Current!$K216*Serviceorderfile_Current!$U216 -> 97.036536 | DJ25: =Serviceorderfile_PREVIOUS!$K216*Serviceorderfile_PREVIOUS!$U216 -> 0 | DK25: =IF(DJ25>0,DI25/DJ25-1,1) -> 1 | DL25: =Serviceorderfile_Current!$K218*Serviceorderfile_Current!$U218 -> 313.41421 | DM25: =Serviceorderfile_PREVIOUS!$K218*Serviceorderfile_PREVIOUS!$U218 -> 10.347498 | DN25: =IF(DM25>0,DL25/DM25-1,1) -> 29.288889 | DO25: =Serviceorderfile_Current!$K217*Serviceorderfile_Current!$U217 -> 13.796664 | DP25: =Serviceorderfile_PREVIOUS!$K217*Serviceorderfile_PREVIOUS!$U217 -> 18.855441 | DQ25: =IF(DP25>0,DO25/DP25-1,1) -> -0.26829268 | DR25: =Serviceorderfile_Current!$K219*Serviceorderfile_Current!$U219 -> 29.202939 | DS25: =Serviceorderfile_PREVIOUS!$K219*Serviceorderfile_PREVIOUS!$U219 -> 26.443606 | DT25: =IF(DS25>0,DR25/DS25-1,1) -> 0.10434783 | DU25: =Serviceorderfile_Current!$K220*Serviceorderfile_Current!$U220 -> 25.983717 | DV25: =Serviceorderfile_PREVIOUS!$K220*Serviceorderfile_PREVIOUS!$U220 -> 0 | DW25: =IF(DV25>0,DU25/DV25-1,1) -> 1 | DX25: =Serviceorderfile_Current!$K214*Serviceorderfile_Current!$U216 -> 0 | DY25: =Serviceorderfile_PREVIOUS!$K214*Serviceorderfile_PREVIOUS!$U216 -> 0 | DZ25: =IF(DY25>0,DX25/DY25-1,1) -> 1 | EA25: =DI25+DL25+DO25+DR25+DU25+DX25 -> 479.43407 | EB25: =DJ25+DM25+DP25+DS25+DV25+DY25 -> 55.646544 | EC25: =IF(EB25>0,EA25/EB25-1,1) -> 7.6157025 | EE25: Romania | EF25: =Serviceorderfile_Current!$V213 -> 0.92586398 | EG25: =Aged!E14 -> 0.74 | EH25: =Serviceorderfile_Current!$U208*Serviceorderfile_Current!$H208 -> 2524.3296 | EI25: =Serviceorderfile_PREVIOUS!$U208*Serviceorderfile_PREVIOUS!$H208 -> 2305.6525 | EJ25: =IF(EI25>0,EH25/EI25-1,1) -> 0.094843921 | EK25: =Serviceorderfile_Current!$U210*Serviceorderfile_Current!$H210 -> 5672.9582 | EL25: =Serviceorderfile_PREVIOUS!$U210*Serviceorderfile_PREVIOUS!$H210 -> 5081.7712 | EM25: =IF(EL25>0,EK25/EL25-1,1) -> 0.11633484 | EN25: =Serviceorderfile_Current!$U209*Serviceorderfile_Current!$H209 -> 4179.6993 | EO25: =Serviceorderfile_PREVIOUS!$U209*Serviceorderfile_PREVIOUS!$H209 -> 2809.2307 | EP25: =IF(EO25>0,EN25/EO25-1,1) -> 0.48784481 | EQ25: =Serviceorderfile_Current!$U211*Serviceorderfile_Current!$H211 -> 271.56433 | ER25: =Serviceorderfile_PREVIOUS!$U211*Serviceorderfile_PREVIOUS!$H211 -> 336.17871 | ES25: =IF(ER25>0,EQ25/ER25-1,1) -> -0.19220246 | ET25: =Serviceorderfile_Current!$U212*Serviceorderfile_Current!$H212 -> 0 | EU25: =Serviceorderfile_PREVIOUS!$U212*Serviceorderfile_PREVIOUS!$H212 -> 0 | EV25: =IF(EU25>0,ET25/EU25-1,1) -> 1 | EX25: =Serviceorderfile_Current!$V206 -> 1 | EY25: =Aged!E67 -> 1 | EZ25: =Serviceorderfile_Current!$U206*Serviceorderfile_Current!$H206 -> 342.8471 | FA25: =Serviceorderfile_PREVIOUS!$U206*Serviceorderfile_PREVIOUS!$H206 -> 378.48848 | FB25: =IF(FA25>0,EZ25/FA25-1,1) -> -0.094167679 | FD25: =EZ25+ET25+EQ25+EN25+EK25+EH25 -> 12991.399 | FE25: =FA25+EU25+ER25+EO25+EL25+EI25 -> 10911.322 | FF25: =IF(FE25>0,FD25/FE25-1,1) -> 0.19063475
A26: Slovakia | B26: =Serviceorderfile_Current!$W250 -> 94 | C26: =Serviceorderfile_PREVIOUS!$W250 -> 22.325 | D26: =IF(C26>0,B26/C26-1,1) -> 3.2105263 | E26: ='YOY Orders'!$J30 -> 229.125 | F26: ='YOY Orders'!$B30 -> 142.175 | G26: =IF(F26>0,E26/F26-1,1) -> 0.61157025 | H26: =Serviceorderfile_Current!$W252 -> 160.975 | I26: =Serviceorderfile_PREVIOUS!$W252 -> 5.875 | J26: =IF(I26>0,H26/I26-1,1) -> 26.4 | K26: ='YOY Orders'!$K30 -> 472.35 | L26: ='YOY Orders'!$C30 -> 301.975 | M26: =IF(L26>0,K26/L26-1,1) -> 0.56420233 | N26: =Serviceorderfile_Current!$W251 -> 242.05 | O26: =Serviceorderfile_PREVIOUS!$W251 -> 118.675 | P26: =IF(O26>0,N26/O26-1,1) -> 1.039604 | Q26: ='YOY Orders'!$O30 -> 327.825 | R26: ='YOY Orders'!$G30 -> 165.675 | S26: =IF(R26>0,Q26/R26-1,1) -> 0.9787234 | T26: =Serviceorderfile_Current!$W253 -> 669.75 | U26: =Serviceorderfile_PREVIOUS!$W253 -> 393.625 | V26: =IF(U26>0,T26/U26-1,1) -> 0.70149254 | W26: ='YOY Orders'!$L30 -> 662.7 | X26: ='YOY Orders'!$D30 -> 401.85 | Y26: =IF(X26>0,W26/X26-1,1) -> 0.64912281 | Z26: =Serviceorderfile_Current!$W254 -> 0 | AA26: =Serviceorderfile_PREVIOUS!$W254 -> 2.35 | AB26: =IF(AA26>0,Z26/AA26-1,1) -> -1 | AC26: ='YOY Orders'!$N30 -> 16.45 | AD26: ='YOY Orders'!$F30 -> 10.575 | AE26: =IF(AD26>0,AC26/AD26-1,1) -> 0.55555556 | AF26: =Serviceorderfile_Current!$W248 -> 0 | AG26: =Serviceorderfile_PREVIOUS!$W248 -> 0 | AH26: =IF(AG26>0,AF26/AG26-1,1) -> 1 | AI26: ='YOY Orders'!$M30 -> 0 | AJ26: ='YOY Orders'!$E30 -> 0 | AK26: =IF(AJ26>0,AI26/AJ26-1,1) -> 1 | AL26: =B26+T26+Z26+AF26+N26+H26 -> 1166.775 | AM26: =C26+U26+AA26+AG26+O26+I26 -> 542.85 | AN26: =IF(AM26>0,AL26/AM26-1,1) -> 1.1493506 | AO26: =E26+W26+AC26+AI26+Q26+K26 -> 1708.45 | AP26: =F26+X26+AD26+AJ26+R26+L26 -> 1022.25 | AQ26: =IF(AP26>0,AO26/AP26-1,1) -> 0.67126437 | AS26: Slovakia | AT26: =Serviceorderfile_Current!$I250*Serviceorderfile_Current!$U250 -> 48.175 | AU26: =Serviceorderfile_PREVIOUS!$I250*Serviceorderfile_PREVIOUS!$U250 -> 22.325 | AV26: =IF(AU26>0,AT26/AU26-1,1) -> 1.1578947 | AW26: =AT26/B26 -> 0.5125 | AX26: =AU26/C26 -> 1 | AY26: =(AW26-AX26)*100 -> -48.75 | AZ26: =Serviceorderfile_Current!$I252*Serviceorderfile_Current!$U252 -> 85.775 | BA26: =Serviceorderfile_PREVIOUS!$I252*Serviceorderfile_PREVIOUS!$U252 -> 5.875 | BB26: =IF(BA26>0,AZ26/BA26-1,1) -> 13.6 | BC26: =AZ26/H26 -> 0.53284672 | BD26: =BA26/I26 -> 1 | BE26: =(BC26-BD26)*100 -> -46.715328 | BF26: =Serviceorderfile_Current!$I251*Serviceorderfile_Current!$U251 -> 86.95 | BG26: =Serviceorderfile_PREVIOUS!$I251*Serviceorderfile_PREVIOUS!$U251 -> 16.45 | BH26: =IF(BG26>0,BF26/BG26-1,1) -> 4.2857143 | BI26: =BF26/N26 -> 0.3592233 | BJ26: =BG26/O26 -> 0.13861386 | BK26: =(BI26-BJ26)*100 -> 22.060944 | BL26: =Serviceorderfile_Current!$I253*Serviceorderfile_Current!$U253 -> 103.4 | BM26: =Serviceorderfile_PREVIOUS!$I253*Serviceorderfile_PREVIOUS!$U253 -> 102.225 | BN26: =IF(BM26>0,BL26/BM26-1,1) -> 0.011494253 | BO26: =BL26/T26 -> 0.15438596 | BP26: =BM26/U26 -> 0.25970149 | BQ26: =(BO26-BP26)*100 -> -10.531553 | BR26: =Serviceorderfile_Current!$I254*Serviceorderfile_Current!$U254 -> 0 | BS26: =Serviceorderfile_PREVIOUS!$I254*Serviceorderfile_PREVIOUS!$U254 -> 2.35 | BT26: =IF(BS26>0,BR26/BS26-1,1) -> -1 | BU26: =BR26/Z26 -> #DIV/0! | BV26: =BS26/AA26 -> 1 | BW26: =(BU26-BV26)*100 -> #DIV/0! | BX26: =Serviceorderfile_Current!$I248*Serviceorderfile_Current!$U250 -> 0 | BY26: =Serviceorderfile_PREVIOUS!$I248*Serviceorderfile_PREVIOUS!$U250 -> 0 | BZ26: =IF(BY26>0,BX26/BY26-1,1) -> 1 | CA26: =BX26/AF26 -> #DIV/0! | CB26: =BY26/AG26 -> #DIV/0! | CC26: =(CA26-CB26)*100 -> #DIV/0! | CD26: =AT26+BL26+BR26+BX26+BF26+AZ26 -> 324.3 | CE26: =AU26+BM26+BS26+BY26+BG26+BA26 -> 149.225 | CF26: =IF(CE26>0,CD26/CE26-1,1) -> 1.1732283 | CG26: =CD26/AL26 -> 0.27794562 | CH26: =CE26/AM26 -> 0.27489177 | CI26: =(CG26-CH26)*100 -> 0.30538444 | CK26: Slovakia | CL26: =Serviceorderfile_Current!$J250*Serviceorderfile_Current!$U250 -> 23.5 | CM26: =Serviceorderfile_PREVIOUS!$J250*Serviceorderfile_PREVIOUS!$U250 -> 0 | CN26: =IF(CM26>0,CL26/CM26-1,1) -> 1 | CO26: =Serviceorderfile_Current!$J252*Serviceorderfile_Current!$U252 -> 75.2 | CP26: =Serviceorderfile_PREVIOUS!$J252*Serviceorderfile_PREVIOUS!$U252 -> 0 | CQ26: =IF(CP26>0,CO26/CP26-1,1) -> 1 | CR26: =Serviceorderfile_Current!$J251*Serviceorderfile_Current!$U251 -> 28.2 | CS26: =Serviceorderfile_PREVIOUS!$J251*Serviceorderfile_PREVIOUS!$U251 -> 30.55 | CT26: =IF(CS26>0,CR26/CS26-1,1) -> -0.076923077 | CU26: =Serviceorderfile_Current!$J253*Serviceorderfile_Current!$U253 -> 102.225 | CV26: =Serviceorderfile_PREVIOUS!$J253*Serviceorderfile_PREVIOUS!$U253 -> 39.95 | CW26: =IF(CV26>0,CU26/CV26-1,1) -> 1.5588235 | CX26: =Serviceorderfile_Current!$J254*Serviceorderfile_Current!$U254 -> 0 | CY26: =Serviceorderfile_PREVIOUS!$J254*Serviceorderfile_PREVIOUS!$U254 -> 0 | CZ26: =IF(CY26>0,CX26/CY26-1,1) -> 1 | DA26: =Serviceorderfile_Current!$J248*Serviceorderfile_Current!$U250 -> 0 | DB26: =Serviceorderfile_PREVIOUS!$J248*Serviceorderfile_PREVIOUS!$U250 -> 0 | DC26: =IF(DB26>0,DA26/DB26-1,1) -> 1 | DD26: =CL26+CO26+CR26+CU26+CX26+DA26 -> 229.125 | DE26: =CM26+CP26+CS26+CV26+CY26+DB26 -> 70.5 | DF26: =IF(DE26>0,DD26/DE26-1,1) -> 2.25 | DH26: Slovakia | DI26: =Serviceorderfile_Current!$K250*Serviceorderfile_Current!$U250 -> 0 | DJ26: =Serviceorderfile_PREVIOUS!$K250*Serviceorderfile_PREVIOUS!$U250 -> 0 | DK26: =IF(DJ26>0,DI26/DJ26-1,1) -> 1 | DL26: =Serviceorderfile_Current!$K252*Serviceorderfile_Current!$U252 -> 0 | DM26: =Serviceorderfile_PREVIOUS!$K252*Serviceorderfile_PREVIOUS!$U252 -> 0 | DN26: =IF(DM26>0,DL26/DM26-1,1) -> 1 | DO26: =Serviceorderfile_Current!$K251*Serviceorderfile_Current!$U251 -> 39.95 | DP26: =Serviceorderfile_PREVIOUS!$K251*Serviceorderfile_PREVIOUS!$U251 -> 24.675 | DQ26: =IF(DP26>0,DO26/DP26-1,1) -> 0.61904762 | DR26: =Serviceorderfile_Current!$K253*Serviceorderfile_Current!$U253 -> 86.95 | DS26: =Serviceorderfile_PREVIOUS!$K253*Serviceorderfile_PREVIOUS!$U253 -> 38.775 | DT26: =IF(DS26>0,DR26/DS26-1,1) -> 1.2424242 | DU26: =Serviceorderfile_Current!$K254*Serviceorderfile_Current!$U254 -> 0 | DV26: =Serviceorderfile_PREVIOUS!$K254*Serviceorderfile_PREVIOUS!$U254 -> 0 | DW26: =IF(DV26>0,DU26/DV26-1,1) -> 1 | DX26: =Serviceorderfile_Current!$K248*Serviceorderfile_Current!$U250 -> 0 | DY26: =Serviceorderfile_PREVIOUS!$K248*Serviceorderfile_PREVIOUS!$U250 -> 0 | DZ26: =IF(DY26>0,DX26/DY26-1,1) -> 1 | EA26: =DI26+DL26+DO26+DR26+DU26+DX26 -> 126.9 | EB26: =DJ26+DM26+DP26+DS26+DV26+DY26 -> 63.45 | EC26: =IF(EB26>0,EA26/EB26-1,1) -> 1 | EE26: Slovakia | EF26: =Serviceorderfile_Current!$V247 -> 0.88514286 | EG26: =Aged!E16 -> 0.94 | EH26: =Serviceorderfile_Current!$U242*Serviceorderfile_Current!$H242 -> 392.45 | EI26: =Serviceorderfile_PREVIOUS!$U242*Serviceorderfile_PREVIOUS!$H242 -> 190.35 | EJ26: =IF(EI26>0,EH26/EI26-1,1) -> 1.0617284 | EK26: =Serviceorderfile_Current!$U244*Serviceorderfile_Current!$H244 -> 1038.7 | EL26: =Serviceorderfile_PREVIOUS!$U244*Serviceorderfile_PREVIOUS!$H244 -> 1311.3 | EM26: =IF(EL26>0,EK26/EL26-1,1) -> -0.2078853 | EN26: =Serviceorderfile_Current!$U243*Serviceorderfile_Current!$H243 -> 493.5 | EO26: =Serviceorderfile_PREVIOUS!$U243*Serviceorderfile_PREVIOUS!$H243 -> 944.7 | EP26: =IF(EO26>0,EN26/EO26-1,1) -> -0.47761194 | EQ26: =Serviceorderfile_Current!$U245*Serviceorderfile_Current!$H245 -> 131.6 | ER26: =Serviceorderfile_PREVIOUS!$U245*Serviceorderfile_PREVIOUS!$H245 -> 240.875 | ES26: =IF(ER26>0,EQ26/ER26-1,1) -> -0.45365854 | ET26: =Serviceorderfile_Current!$U246*Serviceorderfile_Current!$H246 -> 0 | EU26: =Serviceorderfile_PREVIOUS!$U246*Serviceorderfile_PREVIOUS!$H246 -> 3.525 | EV26: =IF(EU26>0,ET26/EU26-1,1) -> -1 | EX26: =Serviceorderfile_Current!$V240 -> 0 | EY26: =Aged!E69 -> 0 | EZ26: =Serviceorderfile_Current!$U240*Serviceorderfile_Current!$H240 -> 18.8 | FA26: =Serviceorderfile_PREVIOUS!$U240*Serviceorderfile_PREVIOUS!$H240 -> 18.8 | FB26: =IF(FA26>0,EZ26/FA26-1,1) -> 0 | FD26: =EZ26+ET26+EQ26+EN26+EK26+EH26 -> 2075.05 | FE26: =FA26+EU26+ER26+EO26+EL26+EI26 -> 2709.55 | FF26: =IF(FE26>0,FD26/FE26-1,1) -> -0.23417173
A27: Germany | B27: =Serviceorderfile_Current!$W420 -> 1280.75 | C27: =Serviceorderfile_PREVIOUS!$W420 -> 1602.7 | D27: =IF(C27>0,B27/C27-1,1) -> -0.20087977 | E27: ='YOY Orders'!$J14 -> 2953.95 | F27: ='YOY Orders'!$B14 -> 4348.675 | G27: =IF(F27>0,E27/F27-1,1) -> -0.32072413 | H27: =Serviceorderfile_Current!$W422 -> 4858.625 | I27: =Serviceorderfile_PREVIOUS!$W422 -> 2816.475 | J27: =IF(I27>0,H27/I27-1,1) -> 0.72507301 | K27: ='YOY Orders'!$K14 -> 8135.7 | L27: ='YOY Orders'!$C14 -> 4869.2 | M27: =IF(L27>0,K27/L27-1,1) -> 0.67084942 | N27: =Serviceorderfile_Current!$W421 -> 8801.925 | O27: =Serviceorderfile_PREVIOUS!$W421 -> 7824.325 | P27: =IF(O27>0,N27/O27-1,1) -> 0.12494369 | Q27: ='YOY Orders'!$O14 -> 10934.55 | R27: ='YOY Orders'!$G14 -> 9396.475 | S27: =IF(R27>0,Q27/R27-1,1) -> 0.16368638 | T27: =Serviceorderfile_Current!$W423 -> 12700.575 | U27: =Serviceorderfile_PREVIOUS!$W423 -> 7937.125 | V27: =IF(U27>0,T27/U27-1,1) -> 0.60014804 | W27: ='YOY Orders'!$L14 -> 9431.725 | X27: ='YOY Orders'!$D14 -> 7750.3 | Y27: =IF(X27>0,W27/X27-1,1) -> 0.21694967 | Z27: =Serviceorderfile_Current!$W424 -> 949.4 | AA27: =Serviceorderfile_PREVIOUS!$W424 -> 654.475 | AB27: =IF(AA27>0,Z27/AA27-1,1) -> 0.45062837 | AC27: ='YOY Orders'!$N14 -> 1632.075 | AD27: ='YOY Orders'!$F14 -> 1243.15 | AE27: =IF(AD27>0,AC27/AD27-1,1) -> 0.31285444 | AF27: =Serviceorderfile_Current!$W418 -> 258.5 | AG27: =Serviceorderfile_PREVIOUS!$W418 -> 85.775 | AH27: =IF(AG27>0,AF27/AG27-1,1) -> 2.0136986 | AI27: ='YOY Orders'!$M14 -> 1102.15 | AJ27: ='YOY Orders'!$E14 -> 1076.3 | AK27: =IF(AJ27>0,AI27/AJ27-1,1) -> 0.024017467 | AL27: =B27+T27+Z27+AF27+N27+H27 -> 28849.775 | AM27: =C27+U27+AA27+AG27+O27+I27 -> 20920.875 | AN27: =IF(AM27>0,AL27/AM27-1,1) -> 0.37899466 | AO27: =E27+W27+AC27+AI27+Q27+K27 -> 34190.15 | AP27: =F27+X27+AD27+AJ27+R27+L27 -> 28684.1 | AQ27: =IF(AP27>0,AO27/AP27-1,1) -> 0.19195478 | AS27: Germany | AT27: =Serviceorderfile_Current!$I420*Serviceorderfile_Current!$U420 -> 606.3 | AU27: =Serviceorderfile_PREVIOUS!$I420*Serviceorderfile_PREVIOUS!$U420 -> 1156.2 | AV27: =IF(AU27>0,AT27/AU27-1,1) -> -0.47560976 | AW27: =AT27/B27 -> 0.4733945 | AX27: =AU27/C27 -> 0.72140762 | AY27: =(AW27-AX27)*100 -> -24.801313 | AZ27: =Serviceorderfile_Current!$I422*Serviceorderfile_Current!$U422 -> 1542.775 | BA27: =Serviceorderfile_PREVIOUS!$I422*Serviceorderfile_PREVIOUS!$U422 -> 1160.9 | BB27: =IF(BA27>0,AZ27/BA27-1,1) -> 0.32894737 | BC27: =AZ27/H27 -> 0.31753325 | BD27: =BA27/I27 -> 0.41218189 | BE27: =(BC27-BD27)*100 -> -9.4648641 | BF27: =Serviceorderfile_Current!$I421*Serviceorderfile_Current!$U421 -> 1863.55 | BG27: =Serviceorderfile_PREVIOUS!$I421*Serviceorderfile_PREVIOUS!$U421 -> 1535.725 | BH27: =IF(BG27>0,BF27/BG27-1,1) -> 0.21346595 | BI27: =BF27/N27 -> 0.21172073 | BJ27: =BG27/O27 -> 0.19627572 | BK27: =(BI27-BJ27)*100 -> 1.5445014 | BL27: =Serviceorderfile_Current!$I423*Serviceorderfile_Current!$U423 -> 4007.925 | BM27: =Serviceorderfile_PREVIOUS!$I423*Serviceorderfile_PREVIOUS!$U423 -> 1874.125 | BN27: =IF(BM27>0,BL27/BM27-1,1) -> 1.138558 | BO27: =BL27/T27 -> 0.31557036 | BP27: =BM27/U27 -> 0.23612139 | BQ27: =(BO27-BP27)*100 -> 7.9448966 | BR27: =Serviceorderfile_Current!$I424*Serviceorderfile_Current!$U424 -> 179.775 | BS27: =Serviceorderfile_PREVIOUS!$I424*Serviceorderfile_PREVIOUS!$U424 -> 213.85 | BT27: =IF(BS27>0,BR27/BS27-1,1) -> -0.15934066 | BU27: =BR27/Z27 -> 0.18935644 | BV27: =BS27/AA27 -> 0.32675045 | BW27: =(BU27-BV27)*100 -> -13.739401 | BX27: =Serviceorderfile_Current!$I418*Serviceorderfile_Current!$U420 -> 231.475 | BY27: =Serviceorderfile_PREVIOUS!$I418*Serviceorderfile_PREVIOUS!$U420 -> 68.15 | BZ27: =IF(BY27>0,BX27/BY27-1,1) -> 2.3965517 | CA27: =BX27/AF27 -> 0.89545455 | CB27: =BY27/AG27 -> 0.79452055 | CC27: =(CA27-CB27)*100 -> 10.0934 | CD27: =AT27+BL27+BR27+BX27+BF27+AZ27 -> 8431.8 | CE27: =AU27+BM27+BS27+BY27+BG27+BA27 -> 6008.95 | CF27: =IF(CE27>0,CD27/CE27-1,1) -> 0.40320688 | CG27: =CD27/AL27 -> 0.29226571 | CH27: =CE27/AM27 -> 0.28722269 | CI27: =(CG27-CH27)*100 -> 0.50430207 | CK27: Germany | CL27: =Serviceorderfile_Current!$J420*Serviceorderfile_Current!$U420 -> 383.05 | CM27: =Serviceorderfile_PREVIOUS!$J420*Serviceorderfile_PREVIOUS!$U420 -> 292.575 | CN27: =IF(CM27>0,CL27/CM27-1,1) -> 0.30923695 | CO27: =Serviceorderfile_Current!$J422*Serviceorderfile_Current!$U422 -> 1273.7 | CP27: =Serviceorderfile_PREVIOUS!$J422*Serviceorderfile_PREVIOUS!$U422 -> 612.175 | CQ27: =IF(CP27>0,CO27/CP27-1,1) -> 1.0806142 | CR27: =Serviceorderfile_Current!$J421*Serviceorderfile_Current!$U421 -> 1259.6 | CS27: =Serviceorderfile_PREVIOUS!$J421*Serviceorderfile_PREVIOUS!$U421 -> 1348.9 | CT27: =IF(CS27>0,CR27/CS27-1,1) -> -0.066202091 | CU27: =Serviceorderfile_Current!$J423*Serviceorderfile_Current!$U423 -> 2044.5 | CV27: =Serviceorderfile_PREVIOUS!$J423*Serviceorderfile_PREVIOUS!$U423 -> 1009.325 | CW27: =IF(CV27>0,CU27/CV27-1,1) -> 1.0256112 | CX27: =Serviceorderfile_Current!$J424*Serviceorderfile_Current!$U424 -> 205.625 | CY27: =Serviceorderfile_PREVIOUS!$J424*Serviceorderfile_PREVIOUS!$U424 -> 267.9 | CZ27: =IF(CY27>0,CX27/CY27-1,1) -> -0.23245614 | DA27: =Serviceorderfile_Current!$J418*Serviceorderfile_Current!$U420 -> 27.025 | DB27: =Serviceorderfile_PREVIOUS!$J418*Serviceorderfile_PREVIOUS!$U420 -> 9.4 | DC27: =IF(DB27>0,DA27/DB27-1,1) -> 1.875 | DD27: =CL27+CO27+CR27+CU27+CX27+DA27 -> 5193.5 | DE27: =CM27+CP27+CS27+CV27+CY27+DB27 -> 3540.275 | DF27: =IF(DE27>0,DD27/DE27-1,1) -> 0.46697644 | DH27: Germany | DI27: =Serviceorderfile_Current!$K420*Serviceorderfile_Current!$U420 -> 191.525 | DJ27: =Serviceorderfile_PREVIOUS!$K420*Serviceorderfile_PREVIOUS!$U420 -> 89.3 | DK27: =IF(DJ27>0,DI27/DJ27-1,1) -> 1.1447368 | DL27: =Serviceorderfile_Current!$K422*Serviceorderfile_Current!$U422 -> 794.3 | DM27: =Serviceorderfile_PREVIOUS!$K422*Serviceorderfile_PREVIOUS!$U422 -> 344.275 | DN27: =IF(DM27>0,DL27/DM27-1,1) -> 1.3071672 | DO27: =Serviceorderfile_Current!$K421*Serviceorderfile_Current!$U421 -> 1236.1 | DP27: =Serviceorderfile_PREVIOUS!$K421*Serviceorderfile_PREVIOUS!$U421 -> 1320.7 | DQ27: =IF(DP27>0,DO27/DP27-1,1) -> -0.06405694 | DR27: =Serviceorderfile_Current!$K423*Serviceorderfile_Current!$U423 -> 1078.65 | DS27: =Serviceorderfile_PREVIOUS!$K423*Serviceorderfile_PREVIOUS!$U423 -> 673.275 | DT27: =IF(DS27>0,DR27/DS27-1,1) -> 0.60209424 | DU27: =Serviceorderfile_Current!$K424*Serviceorderfile_Current!$U424 -> 256.15 | DV27: =Serviceorderfile_PREVIOUS!$K424*Serviceorderfile_PREVIOUS!$U424 -> 82.25 | DW27: =IF(DV27>0,DU27/DV27-1,1) -> 2.1142857 | DX27: =Serviceorderfile_Current!$K418*Serviceorderfile_Current!$U420 -> 0 | DY27: =Serviceorderfile_PREVIOUS!$K418*Serviceorderfile_PREVIOUS!$U420 -> 8.225 | DZ27: =IF(DY27>0,DX27/DY27-1,1) -> -1 | EA27: =DI27+DL27+DO27+DR27+DU27+DX27 -> 3556.725 | EB27: =DJ27+DM27+DP27+DS27+DV27+DY27 -> 2518.025 | EC27: =IF(EB27>0,EA27/EB27-1,1) -> 0.41250583 | EE27: Germany | EF27: =Serviceorderfile_Current!$V417 -> 0.91922977 | EG27: =Aged!E26 -> 0.61 | EH27: =Serviceorderfile_Current!$U412*Serviceorderfile_Current!$H412 -> 4313.425 | EI27: =Serviceorderfile_PREVIOUS!$U412*Serviceorderfile_PREVIOUS!$H412 -> 6684.575 | EJ27: =IF(EI27>0,EH27/EI27-1,1) -> -0.35471963 | EK27: =Serviceorderfile_Current!$U414*Serviceorderfile_Current!$H414 -> 14843.775 | EL27: =Serviceorderfile_PREVIOUS!$U414*Serviceorderfile_PREVIOUS!$H414 -> 12096.625 | EM27: =IF(EL27>0,EK27/EL27-1,1) -> 0.22710053 | EN27: =Serviceorderfile_Current!$U413*Serviceorderfile_Current!$H413 -> 12337.5 | EO27: =Serviceorderfile_PREVIOUS!$U413*Serviceorderfile_PREVIOUS!$H413 -> 8911.2 | EP27: =IF(EO27>0,EN27/EO27-1,1) -> 0.38449367 | EQ27: =Serviceorderfile_Current!$U415*Serviceorderfile_Current!$H415 -> 4568.4 | ER27: =Serviceorderfile_PREVIOUS!$U415*Serviceorderfile_PREVIOUS!$H415 -> 4524.925 | ES27: =IF(ER27>0,EQ27/ER27-1,1) -> 0.0096078941 | ET27: =Serviceorderfile_Current!$U416*Serviceorderfile_Current!$H416 -> 82.25 | EU27: =Serviceorderfile_PREVIOUS!$U416*Serviceorderfile_PREVIOUS!$H416 -> 131.6 | EV27: =IF(EU27>0,ET27/EU27-1,1) -> -0.375 | EX27: =Serviceorderfile_Current!$V410 -> 0.38682205 | EY27: =Aged!E79 -> 0.6 | EZ27: =Serviceorderfile_Current!$U410*Serviceorderfile_Current!$H410 -> 2621.425 | FA27: =Serviceorderfile_PREVIOUS!$U410*Serviceorderfile_PREVIOUS!$H410 -> 3638.975 | FB27: =IF(FA27>0,EZ27/FA27-1,1) -> -0.27962544 | FD27: =EZ27+ET27+EQ27+EN27+EK27+EH27 -> 38766.775 | FE27: =FA27+EU27+ER27+EO27+EL27+EI27 -> 35987.9 | FF27: =IF(FE27>0,FD27/FE27-1,1) -> 0.077216926
A28: NL | B28: =Serviceorderfile_Current!$W97 -> 1034 | C28: =Serviceorderfile_PREVIOUS!$W97 -> 1170.3 | D28: =IF(C28>0,B28/C28-1,1) -> -0.11646586 | E28: ='YOY Orders'!$J24 -> 3184.25 | F28: ='YOY Orders'!$B24 -> 2520.375 | G28: =IF(F28>0,E28/F28-1,1) -> 0.26340326 | H28: =Serviceorderfile_Current!$W99 -> 1452.3 | I28: =Serviceorderfile_PREVIOUS!$W99 -> 459.425 | J28: =IF(I28>0,H28/I28-1,1) -> 2.1611253 | K28: ='YOY Orders'!$K24 -> 2049.2 | L28: ='YOY Orders'!$C24 -> 786.075 | M28: =IF(L28>0,K28/L28-1,1) -> 1.6068759 | N28: =Serviceorderfile_Current!$W98 -> 1018.725 | O28: =Serviceorderfile_PREVIOUS!$W98 -> 1011.675 | P28: =IF(O28>0,N28/O28-1,1) -> 0.0069686411 | Q28: ='YOY Orders'!$O24 -> 2608.5 | R28: ='YOY Orders'!$G24 -> 1689.65 | S28: =IF(R28>0,Q28/R28-1,1) -> 0.54381085 | T28: =Serviceorderfile_Current!$W100 -> 2711.9 | U28: =Serviceorderfile_PREVIOUS!$W100 -> 1952.85 | V28: =IF(U28>0,T28/U28-1,1) -> 0.38868833 | W28: ='YOY Orders'!$L24 -> 3407.5 | X28: ='YOY Orders'!$D24 -> 3261.8 | Y28: =IF(X28>0,W28/X28-1,1) -> 0.044668588 | Z28: =Serviceorderfile_Current!$W101 -> 652.125 | AA28: =Serviceorderfile_PREVIOUS!$W101 -> 1338.325 | AB28: =IF(AA28>0,Z28/AA28-1,1) -> -0.51273047 | AC28: ='YOY Orders'!$N24 -> 860.1 | AD28: ='YOY Orders'!$F24 -> 1444.075 | AE28: =IF(AD28>0,AC28/AD28-1,1) -> -0.40439382 | AF28: =Serviceorderfile_Current!$W95 -> 101.05 | AG28: =Serviceorderfile_PREVIOUS!$W95 -> 138.65 | AH28: =IF(AG28>0,AF28/AG28-1,1) -> -0.27118644 | AI28: ='YOY Orders'!$M24 -> 582.8 | AJ28: ='YOY Orders'!$E24 -> 512.3 | AK28: =IF(AJ28>0,AI28/AJ28-1,1) -> 0.13761468 | AL28: =B28+T28+Z28+AF28+N28+H28 -> 6970.1 | AM28: =C28+U28+AA28+AG28+O28+I28 -> 6071.225 | AN28: =IF(AM28>0,AL28/AM28-1,1) -> 0.14805496 | AO28: =E28+W28+AC28+AI28+Q28+K28 -> 12692.35 | AP28: =F28+X28+AD28+AJ28+R28+L28 -> 10214.275 | AQ28: =IF(AP28>0,AO28/AP28-1,1) -> 0.242609 | AS28: NL | AT28: =Serviceorderfile_Current!$I97*Serviceorderfile_Current!$U97 -> 298.45 | AU28: =Serviceorderfile_PREVIOUS!$I97*Serviceorderfile_PREVIOUS!$U97 -> 724.975 | AV28: =IF(AU28>0,AT28/AU28-1,1) -> -0.58833063 | AW28: =AT28/B28 -> 0.28863636 | AX28: =AU28/C28 -> 0.61947791 | AY28: =(AW28-AX28)*100 -> -33.084155 | AZ28: =Serviceorderfile_Current!$I99*Serviceorderfile_Current!$U99 -> 393.625 | BA28: =Serviceorderfile_PREVIOUS!$I99*Serviceorderfile_PREVIOUS!$U99 -> 204.45 | BB28: =IF(BA28>0,AZ28/BA28-1,1) -> 0.92528736 | BC28: =AZ28/H28 -> 0.2710356 | BD28: =BA28/I28 -> 0.44501279 | BE28: =(BC28-BD28)*100 -> -17.397719 | BF28: =Serviceorderfile_Current!$I98*Serviceorderfile_Current!$U98 -> 245.575 | BG28: =Serviceorderfile_PREVIOUS!$I98*Serviceorderfile_PREVIOUS!$U98 -> 283.175 | BH28: =IF(BG28>0,BF28/BG28-1,1) -> -0.13278008 | BI28: =BF28/N28 -> 0.24106113 | BJ28: =BG28/O28 -> 0.27990708 | BK28: =(BI28-BJ28)*100 -> -3.8845954 | BL28: =Serviceorderfile_Current!$I100*Serviceorderfile_Current!$U100 -> 439.45 | BM28: =Serviceorderfile_PREVIOUS!$I100*Serviceorderfile_PREVIOUS!$U100 -> 366.6 | BN28: =IF(BM28>0,BL28/BM28-1,1) -> 0.19871795 | BO28: =BL28/T28 -> 0.16204506 | BP28: =BM28/U28 -> 0.18772563 | BQ28: =(BO28-BP28)*100 -> -2.5680571 | BR28: =Serviceorderfile_Current!$I101*Serviceorderfile_Current!$U101 -> 285.525 | BS28: =Serviceorderfile_PREVIOUS!$I101*Serviceorderfile_PREVIOUS!$U101 -> 119.85 | BT28: =IF(BS28>0,BR28/BS28-1,1) -> 1.3823529 | BU28: =BR28/Z28 -> 0.43783784 | BV28: =BS28/AA28 -> 0.089552239 | BW28: =(BU28-BV28)*100 -> 34.82856 | BX28: =Serviceorderfile_Current!$I95*Serviceorderfile_Current!$U97 -> 58.75 | BY28: =Serviceorderfile_PREVIOUS!$I95*Serviceorderfile_PREVIOUS!$U97 -> 131.6 | BZ28: =IF(BY28>0,BX28/BY28-1,1) -> -0.55357143 | CA28: =BX28/AF28 -> 0.58139535 | CB28: =BY28/AG28 -> 0.94915254 | CC28: =(CA28-CB28)*100 -> -36.775719 | CD28: =AT28+BL28+BR28+BX28+BF28+AZ28 -> 1721.375 | CE28: =AU28+BM28+BS28+BY28+BG28+BA28 -> 1830.65 | CF28: =IF(CE28>0,CD28/CE28-1,1) -> -0.059691913 | CG28: =CD28/AL28 -> 0.24696561 | CH28: =CE28/AM28 -> 0.30152893 | CI28: =(CG28-CH28)*100 -> -5.4563323 | CK28: NL | CL28: =Serviceorderfile_Current!$J97*Serviceorderfile_Current!$U97 -> 191.525 | CM28: =Serviceorderfile_PREVIOUS!$J97*Serviceorderfile_PREVIOUS!$U97 -> 360.725 | CN28: =IF(CM28>0,CL28/CM28-1,1) -> -0.46905537 | CO28: =Serviceorderfile_Current!$J99*Serviceorderfile_Current!$U99 -> 352.5 | CP28: =Serviceorderfile_PREVIOUS!$J99*Serviceorderfile_PREVIOUS!$U99 -> 105.75 | CQ28: =IF(CP28>0,CO28/CP28-1,1) -> 2.3333333 | CR28: =Serviceorderfile_Current!$J98*Serviceorderfile_Current!$U98 -> 189.175 | CS28: =Serviceorderfile_PREVIOUS!$J98*Serviceorderfile_PREVIOUS!$U98 -> 203.275 | CT28: =IF(CS28>0,CR28/CS28-1,1) -> -0.069364162 | CU28: =Serviceorderfile_Current!$J100*Serviceorderfile_Current!$U100 -> 353.675 | CV28: =Serviceorderfile_PREVIOUS!$J100*Serviceorderfile_PREVIOUS!$U100 -> 269.075 | CW28: =IF(CV28>0,CU28/CV28-1,1) -> 0.31441048 | CX28: =Serviceorderfile_Current!$J101*Serviceorderfile_Current!$U101 -> 164.5 | CY28: =Serviceorderfile_PREVIOUS!$J101*Serviceorderfile_PREVIOUS!$U101 -> 217.375 | CZ28: =IF(CY28>0,CX28/CY28-1,1) -> -0.24324324 | DA28: =Serviceorderfile_Current!$J95*Serviceorderfile_Current!$U97 -> 17.625 | DB28: =Serviceorderfile_PREVIOUS!$J95*Serviceorderfile_PREVIOUS!$U97 -> 7.05 | DC28: =IF(DB28>0,DA28/DB28-1,1) -> 1.5 | DD28: =CL28+CO28+CR28+CU28+CX28+DA28 -> 1269 | DE28: =CM28+CP28+CS28+CV28+CY28+DB28 -> 1163.25 | DF28: =IF(DE28>0,DD28/DE28-1,1) -> 0.090909091 | DH28: NL | DI28: =Serviceorderfile_Current!$K97*Serviceorderfile_Current!$U97 -> 111.625 | DJ28: =Serviceorderfile_PREVIOUS!$K97*Serviceorderfile_PREVIOUS!$U97 -> 63.45 | DK28: =IF(DJ28>0,DI28/DJ28-1,1) -> 0.75925926 | DL28: =Serviceorderfile_Current!$K99*Serviceorderfile_Current!$U99 -> 104.575 | DM28: =Serviceorderfile_PREVIOUS!$K99*Serviceorderfile_PREVIOUS!$U99 -> 137.475 | DN28: =IF(DM28>0,DL28/DM28-1,1) -> -0.23931624 | DO28: =Serviceorderfile_Current!$K98*Serviceorderfile_Current!$U98 -> 157.45 | DP28: =Serviceorderfile_PREVIOUS!$K98*Serviceorderfile_PREVIOUS!$U98 -> 182.125 | DQ28: =IF(DP28>0,DO28/DP28-1,1) -> -0.13548387 | DR28: =Serviceorderfile_Current!$K100*Serviceorderfile_Current!$U100 -> 253.8 | DS28: =Serviceorderfile_PREVIOUS!$K100*Serviceorderfile_PREVIOUS!$U100 -> 82.25 | DT28: =IF(DS28>0,DR28/DS28-1,1) -> 2.0857143 | DU28: =Serviceorderfile_Current!$K101*Serviceorderfile_Current!$U101 -> 79.9 | DV28: =Serviceorderfile_PREVIOUS!$K101*Serviceorderfile_PREVIOUS!$U101 -> 158.625 | DW28: =IF(DV28>0,DU28/DV28-1,1) -> -0.4962963 | DX28: =Serviceorderfile_Current!$K95*Serviceorderfile_Current!$U97 -> 24.675 | DY28: =Serviceorderfile_PREVIOUS!$K95*Serviceorderfile_PREVIOUS!$U97 -> 0 | DZ28: =IF(DY28>0,DX28/DY28-1,1) -> 1 | EA28: =DI28+DL28+DO28+DR28+DU28+DX28 -> 732.025 | EB28: =DJ28+DM28+DP28+DS28+DV28+DY28 -> 623.925 | EC28: =IF(EB28>0,EA28/EB28-1,1) -> 0.173258 | EE28: NL | EF28: =Serviceorderfile_Current!$V94 -> 0.85328046 | EG28: =Aged!E7 -> 0.52 | EH28: =Serviceorderfile_Current!$U89*Serviceorderfile_Current!$H89 -> 628.625 | EI28: =Serviceorderfile_PREVIOUS!$U89*Serviceorderfile_PREVIOUS!$H89 -> 1757.8 | EJ28: =IF(EI28>0,EH28/EI28-1,1) -> -0.64237968 | EK28: =Serviceorderfile_Current!$U91*Serviceorderfile_Current!$H91 -> 1156.2 | EL28: =Serviceorderfile_PREVIOUS!$U91*Serviceorderfile_PREVIOUS!$H91 -> 2693.1 | EM28: =IF(EL28>0,EK28/EL28-1,1) -> -0.57068063 | EN28: =Serviceorderfile_Current!$U90*Serviceorderfile_Current!$H90 -> 256.15 | EO28: =Serviceorderfile_PREVIOUS!$U90*Serviceorderfile_PREVIOUS!$H90 -> 448.85 | EP28: =IF(EO28>0,EN28/EO28-1,1) -> -0.42931937 | EQ28: =Serviceorderfile_Current!$U92*Serviceorderfile_Current!$H92 -> 1218.475 | ER28: =Serviceorderfile_PREVIOUS!$U92*Serviceorderfile_PREVIOUS!$H92 -> 1662.625 | ES28: =IF(ER28>0,EQ28/ER28-1,1) -> -0.26713781 | ET28: =Serviceorderfile_Current!$U93*Serviceorderfile_Current!$H93 -> 0 | EU28: =Serviceorderfile_PREVIOUS!$U93*Serviceorderfile_PREVIOUS!$H93 -> 0 | EV28: =IF(EU28>0,ET28/EU28-1,1) -> 1 | EX28: =Serviceorderfile_Current!$V87 -> 0.98388541 | EY28: =Aged!E60 -> 0 | EZ28: =Serviceorderfile_Current!$U87*Serviceorderfile_Current!$H87 -> 1312.475 | FA28: =Serviceorderfile_PREVIOUS!$U87*Serviceorderfile_PREVIOUS!$H87 -> 551.075 | FB28: =IF(FA28>0,EZ28/FA28-1,1) -> 1.3816631 | FD28: =EZ28+ET28+EQ28+EN28+EK28+EH28 -> 4571.925 | FE28: =FA28+EU28+ER28+EO28+EL28+EI28 -> 7113.45 | FF28: =IF(FE28>0,FD28/FE28-1,1) -> -0.35728444
